document_number,decade,block_index,heading,proposed_value,proposed_unit,requested_value,requested_unit,final_value,final_unit,outcome,concession_ratio,evidence_quote,verbatim_ok,parse_error,reasons,faa_cites_oem_parts
00-10161,2000s,0,Request To Extend Compliance Time,48,months,,,48,months,DENY,,The FAA finds that 48 months is an adequate amount of time for most operators to accomplish the modification at a scheduled heavy maintenance visit.,True,,MAINT;PARTS,False
00-10161,2000s,0,Request To Extend Compliance Time,48,months,72,months,48,months,DENY,0.0,The FAA finds that 48 months is an adequate amount of time for most operators to accomplish the modification at a scheduled heavy maintenance visit.,True,,MAINT;PARTS,False
00-10286,2000s,0,Request to Extend the Compliance Time,14,months,19,months,14,months,DENY,0.0,The commenter states that the proposed compliance time of 14 months does not match its ``C'' check interval of 19 months.,True,,COST,False
00-11545,2000s,0,Request to Extend Compliance Time,24,months,36,months,24,months,DENY,0.0,the FAA has determined that 24 months represents an appropriate interval of time allowable wherein the modifications can be accomplished during scheduled maintenance intervals for the majority of affected operators and an acceptable level of safety can be maintained.,True,,MAINT;PARTS,False
00-13449,2000s,0,Extend Inspection Compliance Time for Certain Airplanes,,,,,,,DENY,,No change to the final rule is necessary in this regard.,True,,,False
00-14436,2000s,0,Request To Extend Compliance Time and Revise Proposed Inspection,90,days,18,months,90,days,DENY,0.0,The FAA does not concur with the commenter's requests.,True,,MAINT,False
00-14436,2000s,0,Request To Extend Compliance Time and Revise Proposed Inspection,,,,,,,DENY,,"Therefore, no change to the final rule is necessary in this regard.",True,,MAINT,False
00-17297,2000s,0,Request to Extend Compliance Time,18,months,36,months,18,months,DENY,0.0,"A compliance time of 18 months corresponds to most operators' scheduled ``C''-checks and, therefore, accommodates the majority of operators' maintenance schedules while not adversely affecting flight safety.",True,,MAINT;PARTS,False
00-17297,2000s,0,Request to Extend Compliance Time,18,months,4,years,18,months,DENY,0.0,"A compliance time of 18 months corresponds to most operators' scheduled ``C''-checks and, therefore, accommodates the majority of operators' maintenance schedules while not adversely affecting flight safety.",True,,MAINT;PARTS,False
00-17297,2000s,0,Request to Extend Compliance Time,18,months,6,years,18,months,DENY,0.0,"A compliance time of 18 months corresponds to most operators' scheduled ``C''-checks and, therefore, accommodates the majority of operators' maintenance schedules while not adversely affecting flight safety.",True,,MAINT;PARTS,False
00-17297,2000s,0,Request to Extend Compliance Time,,,,,,,DENY,,The FAA does not concur with the commenter's request.,True,,MAINT;PARTS,False
00-1772,2000s,0,9. Request to Extend the Compliance Time,one,year,2\1/2\,years,two-year,,PARTIAL,,The FAA has concluded that a two-year compliance time to install the beta lockout system may be established without adversely affecting safety.,False,,,False
00-1772,2000s,0,9. Request to Extend the Compliance Time,one,year,two,years,two-year,,FULL,,The FAA has concluded that a two-year compliance time to install the beta lockout system may be established without adversely affecting safety.,False,,,False
00-18037,2000s,0,Request To Extend Compliance Time in Paragraph (d),36,months,60,months,48,months,PARTIAL,0.5,Paragraph (d) of the final rule has been revised to require accomplishment of the modification within 48 months after the effective date of this AD.,True,,,False
00-18037,2000s,0,Request To Extend Compliance Time in Paragraph (d),36,months,84,months,48,months,PARTIAL,0.25,Paragraph (d) of the final rule has been revised to require accomplishment of the modification within 48 months after the effective date of this AD.,True,,,False
00-18039,2000s,0,Request To Extend Compliance Time,3000,flight hours,10,months,6000,flight hours,DENY,,"The FAA has determined that 6,000 flight hours represents an appropriate interval of time wherein an ample number of required parts will be available for modification of the U.S. fleet, and wherein operators will be able to accomplish the replacement during a ``C''-check.",True,,COST;PARTS,False
00-18039,2000s,0,Request To Extend Compliance Time,3000,flight hours,2,years,6000,flight hours,DENY,,"The FAA has determined that 6,000 flight hours represents an appropriate interval of time wherein an ample number of required parts will be available for modification of the U.S. fleet, and wherein operators will be able to accomplish the replacement during a ``C''-check.",True,,COST;PARTS,False
00-18039,2000s,0,Request To Extend Compliance Time,3000,flight hours,6000,flight hours,6000,flight hours,FULL,1.0,"The FAA has determined that 6,000 flight hours represents an appropriate interval of time wherein an ample number of required parts will be available for modification of the U.S. fleet, and wherein operators will be able to accomplish the replacement during a ``C''-check.",True,,COST;PARTS,False
00-18282,2000s,0,Requests To Extend Compliance Time,3,years,5,years,3,years,DENY,0.0,The FAA maintains that a 3-year compliance time represents an appropriate interval of time allowable for affected airplanes to continue to operate without compromising safety.,True,,COST;HARMONIZE;MAINT,False
00-18748,2000s,0,Request To Extend Compliance Time,60,days,18,months,60,days,DENY,0.0,The FAA does not concur.,True,,MAINT;PARTS,False
00-18749,2000s,0,Request To Extend Compliance Time,6,months,18,months,6,months,DENY,0.0,"In light of these items, the FAA has determined that 6 months for compliance is appropriate.",True,,MAINT;PARTS,False
00-18750,2000s,0,Request To Extend Compliance Time,6,months,18,months,6,months,DENY,0.0,"In light of these items, the FAA has determined that 6 months for compliance is appropriate.",True,,MAINT;PARTS,False
00-19815,2000s,0,Request To Extend Compliance Time,4,years,5,years,5,years,FULL,1.0,The FAA concurs with the commenters' request to extend the compliance time for the actions required by paragraph (a) from four years to five years.,True,,,False
00-20963,2000s,0,"Request To Extend Compliance Time, Add Repetitive Inspections","1,800",flight hours,"16,000",flight hours,"1,800",flight hours,DENY,,No change to the final rule is necessary in this regard.,True,,COST,False
00-22122,2000s,0,Request To Extend the Compliance Time,24,months,36,months,24,months,DENY,0.0,"In consideration of these items, the FAA has determined that 24 months represents an appropriate interval of time allowable wherein the modfications can be accomplished during scheduled maintenance intervals for the majority of affected operators, and an acceptable level of safety can be maintained.",True,,MAINT,False
00-22907,2000s,0,Request To Extend Compliance Time,6,months,,,12,months,PARTIAL,,the FAA has revised the compliance time to 12 months after the effective date of this AD.,True,,PARTS,False
00-23856,2000s,0,Request To Extend Compliance Time in Paragraph (b),12,months,18,months,24,months,FULL,2.0,"Therefore, the compliance time in paragraph (b) of this final rule has been extended to within 24 months or 4,000 flight cycles after the effective date of this AD, whichever occurs first.",True,,MAINT,False
00-23856,2000s,0,Request To Extend Compliance Time in Paragraph (b),12,months,24,months,24,months,FULL,1.0,"Therefore, the compliance time in paragraph (b) of this final rule has been extended to within 24 months or 4,000 flight cycles after the effective date of this AD, whichever occurs first.",True,,MAINT,False
00-23856,2000s,0,Request To Extend Compliance Time in Paragraph (b),12,months,24,months,24,months,FULL,1.0,"Therefore, the compliance time in paragraph (b) of this final rule has been extended to within 24 months or 4,000 flight cycles after the effective date of this AD, whichever occurs first.",True,,MAINT,False
00-23856,2000s,0,Request To Extend Compliance Time in Paragraph (b),12,months,4,years,24,months,PARTIAL,0.32727272727272727,"Therefore, the compliance time in paragraph (b) of this final rule has been extended to within 24 months or 4,000 flight cycles after the effective date of this AD, whichever occurs first.",True,,MAINT,False
00-2411,2000s,0,Request for Extension of the Compliance Time,2,years,6,years,2,years,DENY,0.0,the FAA has determined that two years represents an appropriate interval of time allowable wherein an acceptable level of safety can be maintained.,True,,PARTS,False
00-26308,2000s,0,Request To Extend Compliance Time,12,months,2,years,18,months,PARTIAL,0.4864864864864865,"Following careful consideration of the comments, the FAA considers that an extension of the compliance time specified in paragraph (a) of this AD from 12 months to 18 months will not compromise safety.",True,,PARTS,False
00-26308,2000s,0,Request To Extend Compliance Time,12,months,24,months,18,months,PARTIAL,0.5,"Following careful consideration of the comments, the FAA considers that an extension of the compliance time specified in paragraph (a) of this AD from 12 months to 18 months will not compromise safety.",True,,PARTS,False
00-26308,2000s,0,Request To Extend Compliance Time,12,months,24,months,18,months,PARTIAL,0.5,"Following careful consideration of the comments, the FAA considers that an extension of the compliance time specified in paragraph (a) of this AD from 12 months to 18 months will not compromise safety.",True,,PARTS,False
00-26878,2000s,0,Request to Extend Compliance Time,,,8000,flight hours,6000,hours,DENY,,"The FAA has determined that 6,000 hours, time-in-service or 18 months represents an appropriate compliance time allowable for the inspection and rework to be accomplished during scheduled maintenance intervals.",True,,COST;MAINT,False
00-28089,2000s,0,Request To Extend Compliance Time,24,months,36,months,36,months,FULL,1.0,The FAA concurs with the first commenter's request to extend the compliance time from 24 months to 36 months.,True,,PARTS,False
00-28089,2000s,0,Request To Extend Compliance Time,24,months,60,months,24,months,DENY,0.0,"However, the FAA finds that extension of the compliance time to 60 months, as requested by the second commenter, would not ensure accomplishment of the modification required by this AD on all affected airplanes in a timely manner.",True,,PARTS,False
00-28089,2000s,0,Request To Extend Compliance Time,24,months,48,months,24,months,DENY,0.0,The FAA does not concur with this commenter's request to extend the compliance time to 48 months.,False,,PARTS,False
00-3886,2000s,0,Requests To Extend Compliance Time,2,years,3,years,2,years,DENY,0.0,The FAA does not concur with the commenters' requests.,True,,MAINT;PARTS,True
00-3886,2000s,0,Requests To Extend Compliance Time,2,years,4,years,2,years,DENY,0.0,The FAA does not concur with the commenters' requests.,True,,MAINT;PARTS,True
00-4567,2000s,0,Request To Extend Compliance Time,36,months,48,months,36,months,DENY,0.0,"In light of all of these factors, the FAA finds a 36-month compliance time for initiating the required actions to be warranted, in that it represents an appropriate interval of time allowable for affected airplanes to continue to operate without compromising safety, and wherein an ample number of required parts will be available for the modification of the U.S. fleet.",True,,COST;PARTS,False
00-5890,2000s,0,Requests to Extend Compliance Time,200,days,250,days,1,year,FULL,3.3,"The FAA has determined that an extension of the compliance time to within 1 year or 4,500 flight cycles after the effective date of this AD, whichever occurs later, will not compromise safety provided that an interim detailed visual inspection to detect fretting and corrosion of the axle flange bolt holes is accomplished within 200 days or 1,500 flight cycles after the effective date of this AD, whichever occurs later.",True,,COST;MAINT,False
00-5890,2000s,0,Requests to Extend Compliance Time,200,days,1,year,1,year,FULL,1.0,"The FAA has determined that an extension of the compliance time to within 1 year or 4,500 flight cycles after the effective date of this AD, whichever occurs later, will not compromise safety provided that an interim detailed visual inspection to detect fretting and corrosion of the axle flange bolt holes is accomplished within 200 days or 1,500 flight cycles after the effective date of this AD, whichever occurs later.",True,,COST;MAINT,False
00-5890,2000s,0,Requests to Extend Compliance Time,,,5,years,,,DENY,,The FAA does not concur with the commenter's request.,True,,COST;MAINT,False
00-8516,2000s,0,Request To Extend Compliance Time for Initial Inspection,2000,flight cycles,,,,,UNCLEAR,,The FAA concurs that the compliance time should be extended,True,,PARTS,False
00-8518,2000s,0,Requests To Revise Compliance Time,,,1200,flight cycles,1000,flight cycles,DENY,,"Considering those factors, the FAA has determined that the compliance time of 1,000 flight cycles after the accomplishment of the initial inspection represents the maximum interval in which the affected airlines can continue to operate without compromising safety.",True,,MAINT,False
00-8518,2000s,0,Requests To Revise Compliance Time,,,,,,,DENY,,The FAA does not concur with the commenter's request.,True,,MAINT,False
00-8518,2000s,0,Requests To Revise Compliance Time,,,24000,flight cycles,,,DENY,,The FAA does not concur.,True,,MAINT,False
01-10337,2000s,0,9. Request To Extend the Compliance Time,3,years,4,years,3,years,DENY,0.0,this AD allows operators up to 3 years after the effective date of this AD to accomplish the ALI revision required by this AD.,True,,COST;PARTS,False
01-10337,2000s,0,9. Request To Extend the Compliance Time,,,,,,,DENY,,The FAA does not agree with the commenter's requests.,True,,COST;PARTS,False
01-14000,2000s,0,Request To Extend Compliance Time for Replacement,3,years,4,years,3,years,DENY,0.0,The FAA does not concur with the commenters' request for an extension of the compliance time for paragraph (b) of this AD.,True,,PARTS,False
01-14000,2000s,0,Request To Extend Compliance Time for Replacement,3,years,4.5,years,3,years,DENY,0.0,The FAA does not concur with the commenters' request for an extension of the compliance time for paragraph (b) of this AD.,True,,PARTS,False
01-14824,2000s,0,Requests To Change Compliance Time for Initial Inspections,30,hours,100,hours,100,flight hours,FULL,,"Therefore, the FAA has changed the initial inspection compliance time for CF34-1A, -3A, and -3A2 engines to ``100 flight hours from the effective date of this AD.''",True,,COST,False
01-14824,2000s,0,Requests To Change Compliance Time for Initial Inspections,30,hours,100,hours,,,DENY,,The FAA does not agree.,True,,COST,False
01-15934,2000s,0,Request To Extend Compliance Time,6,months,18,months,6,months,DENY,0.0,The FAA considers 6 months an appropriate compliance time wherein safety will not be adversely affected.,True,,COST;MAINT;PARTS,False
01-16200,2000s,0,Reduce Compliance Time,12,months,6,months,12,months,DENY,-0.0,"Therefore, no change to the compliance time for the initial inspection required by paragraph (a) of the final rule is necessary.",True,,,False
01-16200,2000s,1,Extend Compliance Time,12,months,18,months,12,months,DENY,0.0,"As stated above, we find that a 12-month compliance time for the initial inspection/modification is appropriate.",True,,MAINT;PARTS,False
01-1662,2000s,0,Requests To Extend the Compliance Time,6,months,18,months,6,months,DENY,0.0,No change was made to the compliance time required by paragraph (b) of the final rule.,True,,MAINT;PARTS,False
01-1662,2000s,0,Requests To Extend the Compliance Time,6,months,15,months,6,months,DENY,0.0,No change was made to the compliance time required by paragraph (b) of the final rule.,True,,MAINT;PARTS,False
01-1662,2000s,0,Requests To Extend the Compliance Time,6,months,12,months,6,months,DENY,0.0,No change was made to the compliance time required by paragraph (b) of the final rule.,True,,MAINT;PARTS,False
01-17117,2000s,0,Extend Compliance Time,12,months,,,12,months,DENY,,"The FAA does not concur to extend the compliance time for doing the initial inspection to the later of 12 months or 3,000 flight cycles.",True,,MAINT,False
01-17117,2000s,0,Extend Compliance Time,18,months,,,24,months,PARTIAL,,We concur with the commenter and have extended the 18-month repetitive inspection interval specified in paragraph (a) of this final rule to 24 months.,True,,MAINT,False
01-17117,2000s,0,Extend Compliance Time,12,months,24,months,24,months,FULL,1.0,We concur with the commenter and have extended the 18-month repetitive inspection interval specified in paragraph (a) of this final rule to 24 months.,True,,MAINT,False
01-17119,2000s,0,Extend Compliance Time,1000,flight cycles,1200,flight cycles,1000,flight cycles,DENY,0.0,"We have determined that before the accumulation of 10,000 total flight cycles, or within 1,000 flight cycles after the effective date of this AD, whichever occurs later, represents an appropriate compliance time allowable for the initial inspection to be accomplished during scheduled maintenance intervals.",True,,MAINT,False
01-17120,2000s,0,Requests to Extend the Compliance Times,18,months,18,months,,,DENY,,we can find no basis to allow similar escalation for the initial inspection.,True,,COST;PARTS,False
01-17120,2000s,0,Requests to Extend the Compliance Times,18,months,18,months,6000,flight hours,FULL,,"we have determined that exending the repetitive inspection interval to every 6,000 flight hours or 18 months, whichever occurs first, will provide an acceptable level of safety.",True,,COST;PARTS,False
01-17120,2000s,0,Requests to Extend the Compliance Times,,,9,months,,,DENY,,The FAA does not concur with the commenter's request,True,,COST;PARTS,False
01-18015,2000s,0,Extend Compliance Time for Paragraph (f),100,flight cycles,500,flight cycles,500,flight cycles,PARTIAL,1.0,"the FAA has revised paragraph (f) of this final rule to provide an extended compliance time of 500 flight cycles after the effective date of this AD for airplanes on which an internal detailed visual and HFEC inspection has been done according to Boeing Service Bulletin 747-53-2293 within the last 1,500 flight cycles before the effective date of this AD.",True,,COST,False
01-18016,2000s,0,Extend Compliance Time,18,months,48,months,24,months,PARTIAL,0.2,we find that a 24-month compliance time should correspond with the regular maintenance schedules of the majority of affected operators.,True,,COST;MAINT;PARTS,True
01-18016,2000s,0,Extend Compliance Time,18,months,24,months,24,months,FULL,1.0,we find that a 24-month compliance time should correspond with the regular maintenance schedules of the majority of affected operators.,True,,COST;MAINT;PARTS,True
01-18016,2000s,0,Extend Compliance Time,18,months,72,months,24,months,PARTIAL,0.1111111111111111,we find that a 24-month compliance time should correspond with the regular maintenance schedules of the majority of affected operators.,True,,COST;MAINT;PARTS,True
01-18016,2000s,0,Extend Compliance Time,18,months,36,months,24,months,PARTIAL,0.3333333333333333,we find that a 24-month compliance time should correspond with the regular maintenance schedules of the majority of affected operators.,True,,COST;MAINT;PARTS,True
01-18017,2000s,0,Extend Compliance Time,,,15,months,15,months,FULL,,"we have extended the compliance time in paragraph (a) of this AD to within 6,000 flight cycles or 15 months after the effective date of this AD, whichever occurs later.",True,,,False
01-18017,2000s,0,Extend Compliance Time,6000,flight cycles,10000,flight cycles,6000,flight cycles,DENY,0.0,we have determined that no change to the final rule is necessary in this regard.,True,,,False
01-18017,2000s,0,Extend Compliance Time,3000,flight cycles,6000,flight cycles,6000,flight cycles,FULL,1.0,Paragraph (a)(2)(i) of the final rule has been changed accordingly.,True,,,False
01-18137,2000s,0,Extend Compliance Time for Certain Airplanes,18,months,36,months,18,months,DENY,0.0,"it is necessary to mandate accomplishment of Boeing Service Bulletin 737-25-1404 within 18 months after the effective date of this AD, as proposed.",True,,PARTS,False
01-18433,2000s,0,Request To Extend Compliance Time,6,months,18,months,6,months,DENY,0.0,the FAA considers 6 months to be an appropriate compliance period.,True,,HARMONIZE;MAINT,False
01-18471,2000s,0,Requests To Extend Compliance Time for Paragraph (i),24,months,60,months,36,months,PARTIAL,0.3333333333333333,The FAA has determined that a compliance time of 36 months after the effective date of this AD for the replacement of the affected override or override/jettison fuel pumps with new configuration pumps is sufficient for an adequate quantity of new configuration parts to be available and for overhaul facilities to be able to schedule modification of the affected fleet of airplanes.,True,,PARTS,True
01-18471,2000s,0,Requests To Extend Compliance Time for Paragraph (i),24,months,48,months,36,months,PARTIAL,0.5,The FAA has determined that a compliance time of 36 months after the effective date of this AD for the replacement of the affected override or override/jettison fuel pumps with new configuration pumps is sufficient for an adequate quantity of new configuration parts to be available and for overhaul facilities to be able to schedule modification of the affected fleet of airplanes.,True,,PARTS,True
01-18471,2000s,0,Requests To Extend Compliance Time for Paragraph (i),,,,,,,DENY,,The FAA finds that to further delay implementation of the requirements of paragraph (i) of this AD in that way would be inappropriate.,True,,PARTS,True
01-18471,2000s,1,Request To Revise Compliance Time for Paragraph (a),14,"days after October 2, 1997",14,days after the effective date of this AD,14,"days after October 2, 1997",DENY,,No change to the final rule is necessary in this regard.,True,,,False
01-18471,2000s,2,Request To Extend Inspection Compliance Time,60,days,120,days,60,days,DENY,0.0,The FAA does not concur with the commenter's request to extend the compliance time for the inspection required by paragraph (e) of this AD.,True,,MAINT,False
01-19247,2000s,0,Extend Compliance Time,18,months,30,months,18,months,DENY,0.0,We have determined that within 18 months after the effective date of this AD represents an appropriate compliance time,True,,COST;MAINT;PARTS,False
01-19247,2000s,0,Extend Compliance Time,18,months,24,months,18,months,DENY,0.0,We have determined that within 18 months after the effective date of this AD represents an appropriate compliance time,True,,COST;MAINT;PARTS,False
01-1947,2000s,0,Request To Extend Compliance Time,,,,,,,DENY,,No change to the final rule is necessary in this regard.,True,,MAINT,False
01-20586,2000s,0,Request To Extend Compliance Time,,,18,months,,,DENY,,No change to the final rule is necessary.,True,,,False
01-20698,2000s,0,Requests To Extend Compliance Time,24,months,36,months,36,months,FULL,1.0,The FAA concurs with the one commenter's request to extend the compliance time to 36 months after the effective date of this AD.,True,,MAINT;PARTS,False
01-20698,2000s,0,Requests To Extend Compliance Time,,,48,months,36,months,DENY,,"With regard to parts availability, as stated above, we find that a 36-month compliance time will be adequate for a sufficient quantity of parts to be available.",True,,MAINT;PARTS,False
01-20699,2000s,0,Extend Compliance Time for New Inspection,,,18,months,,,DENY,,No change to the final rule is necessary in this regard.,True,,,False
01-20699,2000s,1,Extend Compliance Time for Terminating Action,,,54,months,,,DENY,,The FAA does not concur with the commenter's request.,True,,COST;PARTS,False
01-20700,2000s,0,Request To Extend Compliance Time of the Inspection,18,months,18.5,months,18,months,DENY,0.0,The FAA has determined that 18 months is the maximum amount of time allowable for these airplanes to continue to safely operate between inspections.,True,,,False
01-20700,2000s,0,Request To Extend Compliance Time of the Inspection,18,months,36,months,18,months,DENY,0.0,The FAA has determined that 18 months is the maximum amount of time allowable for these airplanes to continue to safely operate between inspections.,True,,,False
01-20700,2000s,1,Request To Extend Compliance Time for Replacement,18,months,36,months,,,DENY,,"As stated previously, the proposed requirement to replace the elevator servo controls has been removed from this final rule.",True,,,False
01-25183,2000s,0,Request To Extend Compliance Time for Certain Airplanes,3000,total flight cycles,5000,total flight cycles,3000,total flight cycles,DENY,,"The FAA finds it necessary to retain the 3,000-flight-cycle threshold as proposed, in light of an event in which an airplane that had accumulated fewer than 5,000 total flight cycles did experience a vibration event.",True,,,False
01-25183,2000s,0,Request To Extend Compliance Time for Certain Airplanes,90,days,180,days,180,days,FULL,1.0,the FAA concurs with the request to extend the grace period to 180 days for those airplanes that are not subject to AD 89-03-05; the bearings on those airplanes have improved bearing seals with improved grease retention.,True,,,False
01-25183,2000s,0,Request To Extend Compliance Time for Certain Airplanes,,,24,months,,,UNCLEAR,,Paragraph (d)(3) of this final rule has been revised accordingly.,True,,,False
01-25183,2000s,1,Request To Extend Compliance Time To Accommodate Parts Availability,,,,,,,DENY,,The FAA does not concur.,True,,PARTS,False
01-25184,2000s,0,Request To Revise the Compliance Time in Paragraph (a),4,hours,6,hours,4,hours,DENY,,No change is made to the final rule in this regard.,True,,,False
01-25616,2000s,0,Extend Compliance Time,12,months,18,months,18,months,FULL,1.0,The FAA agrees to extend the compliance time for the inspection to 18 months.,True,,MAINT,False
01-25616,2000s,0,Extend Compliance Time,,,24,months,18,months,DENY,,we find that 18 months represents the maximum time wherein the affected airplanes may continue to operate prior to inspection without compromising safety.,True,,MAINT,False
01-26712,2000s,0,Extend Compliance Time/Delay Terminating Action,18,months,60,months,3,year,PARTIAL,0.44047619047619047,we find that a 3-year compliance time should correspond with the regular maintenance schedules of the majority of affected operators.,True,,COST;MAINT;PARTS,False
01-26712,2000s,0,Extend Compliance Time/Delay Terminating Action,18,months,10000,flight cycles,3,year,PARTIAL,,we find that a 3-year compliance time should correspond with the regular maintenance schedules of the majority of affected operators.,True,,COST;MAINT;PARTS,False
01-26712,2000s,0,Extend Compliance Time/Delay Terminating Action,18,months,54,months,3,year,PARTIAL,0.5138888888888888,we find that a 3-year compliance time should correspond with the regular maintenance schedules of the majority of affected operators.,True,,COST;MAINT;PARTS,False
01-26712,2000s,0,Extend Compliance Time/Delay Terminating Action,18,months,6,years,3,year,PARTIAL,0.33636363636363636,we find that a 3-year compliance time should correspond with the regular maintenance schedules of the majority of affected operators.,True,,COST;MAINT;PARTS,False
01-27215,2000s,0,Extend Compliance Time,18,months,36,months,18,months,DENY,0.0,"In light of all of these factors, the FAA finds an 18-month compliance time for completing the required actions to be warranted, in that it represents an appropriate interval of time wherein airplanes will be able to continue to operate without compromising safety, and the majority of operators will be able to do the required work during a scheduled maintenance visit.",True,,MAINT,False
01-28295,2000s,0,Extend Compliance Time,,,,,,,DENY,,No change to the final rule is necessary.,True,,MAINT,False
01-29184,2000s,0,Requests To Revise Compliance Time for Initial Actions,200,flight hours,2000,flight hours,,,FULL,,The compliance times for the initial actions specified by paragraphs (a) and (b) of the final rule have been revised accordingly.,True,,,False
01-29184,2000s,1,Requests To Extend Compliance Time for Corrective Action,,,4000,flight hours,4000,flight hours,FULL,,"FAA agrees that allowing up to 4,000 flight hours or 2 years for those actions would not compromise the safety of affected airplanes.",True,,PARTS,False
01-29185,2000s,0,Request To Extend the Compliance Time in Paragraph (a),6000,flight hours,10000,flight hours,18,months,DENY,,"Based on the information provided by the commenters, we now recognize that a compliance time of within 18 months or 7,500 flight hours after the effective date of this AD, whichever occurs later, corresponds more closely to the interval that represents most of the affected operators' normal maintenance schedules.",True,,COST;MAINT;PARTS,False
01-29185,2000s,0,Request To Extend the Compliance Time in Paragraph (a),6000,flight hours,3,years,18,months,DENY,,"Based on the information provided by the commenters, we now recognize that a compliance time of within 18 months or 7,500 flight hours after the effective date of this AD, whichever occurs later, corresponds more closely to the interval that represents most of the affected operators' normal maintenance schedules.",True,,COST;MAINT;PARTS,False
01-29185,2000s,0,Request To Extend the Compliance Time in Paragraph (a),6000,flight hours,5,years,18,months,DENY,,"Based on the information provided by the commenters, we now recognize that a compliance time of within 18 months or 7,500 flight hours after the effective date of this AD, whichever occurs later, corresponds more closely to the interval that represents most of the affected operators' normal maintenance schedules.",True,,COST;MAINT;PARTS,False
01-29185,2000s,0,Request To Extend the Compliance Time in Paragraph (a),6000,flight hours,5,years,18,months,DENY,,"Based on the information provided by the commenters, we now recognize that a compliance time of within 18 months or 7,500 flight hours after the effective date of this AD, whichever occurs later, corresponds more closely to the interval that represents most of the affected operators' normal maintenance schedules.",True,,COST;MAINT;PARTS,False
01-29185,2000s,0,Request To Extend the Compliance Time in Paragraph (a),6000,flight hours,10000,flight hours,18,months,DENY,,"Based on the information provided by the commenters, we now recognize that a compliance time of within 18 months or 7,500 flight hours after the effective date of this AD, whichever occurs later, corresponds more closely to the interval that represents most of the affected operators' normal maintenance schedules.",True,,COST;MAINT;PARTS,False
01-29185,2000s,0,Request To Extend the Compliance Time in Paragraph (a),6000,flight hours,18,months,18,months,FULL,,"Based on the information provided by the commenters, we now recognize that a compliance time of within 18 months or 7,500 flight hours after the effective date of this AD, whichever occurs later, corresponds more closely to the interval that represents most of the affected operators' normal maintenance schedules.",True,,COST;MAINT;PARTS,False
01-29185,2000s,0,Request To Extend the Compliance Time in Paragraph (a),6000,flight hours,3,years,18,months,DENY,,"Based on the information provided by the commenters, we now recognize that a compliance time of within 18 months or 7,500 flight hours after the effective date of this AD, whichever occurs later, corresponds more closely to the interval that represents most of the affected operators' normal maintenance schedules.",True,,COST;MAINT;PARTS,False
01-29185,2000s,1,Request To Revise Compliance Time in Paragraph (a)(2)(ii),,,18,months,,,PARTIAL,,"However, in the final rule we have revised paragraph (a)(2)(ii) to require such action ``within the compliance time required by paragraph (a) of this AD,'' instead of ``before further flight.''",True,,,False
01-29185,2000s,2,Request To Reduce the Compliance Time,6000,flight hours,3000,flight hours,7500,flight hours,DENY,-0.5,"We have determined that it is necessary to somewhat extend the compliance time in paragraphs (a) and (a)(2)(ii) of the final rule to require accomplishment of the actions within 18 months or 7,500 flight hours.",True,,PARTS,False
01-29186,2000s,0,Request To Extend Compliance Time,18,months,36,months,36,months,PARTIAL,1.0,"For other slats on those airplanes, we find a 36-month compliance time (which is the compliance time for airplanes on which an enhanced slat skew or loss detection system has been installed) to be adequate.",True,,PARTS,False
01-29324,2000s,0,Extend Compliance Time,18,months,24,months,36,months,FULL,3.0,"In light of all of these factors, we find a 36-month compliance time for initiating the required actions to be warranted, in that it represents an appropriate interval of time allowable for affected airplanes to continue to operate without compromising safety.",True,,,False
01-30199,2000s,0,Request To Extend Compliance Time,,,18,months,,,DENY,,"Therefore, no change to the final rule is necessary in this regard.",True,,,False
01-30205,2000s,0,Request To Extend Compliance Time,12,months,18,months,18,months,FULL,1.0,The FAA concurs with the commenter's request.,True,,MAINT,False
01-3699,2000s,0,Request To Extend the Compliance Time,,,18,months,18,months,FULL,,the FAA has determined that 18 months represents an appropriate compliance time allowable wherein an acceptable level of safety can be maintained.,True,,MAINT;PARTS,True
01-6282,2000s,0,Requests to Revise Certain Compliance Times,1500,flight hours,6000,flight hours,1500,flight hours,DENY,0.0,"The FAA does not agree with the first commenter's request to extend the compliance time to ``6,000 flight hours or 18 months, whichever occurs first.''",True,,MAINT,False
01-6282,2000s,0,Requests to Revise Certain Compliance Times,1500,flight hours,3000,flight hours,3000,flight hours,FULL,1.0,"we agree with the second commenter's request to extend the compliance time to ``within 3,000 flight hours or 12 months after the effective date of this AD, whichever occurs first.''",True,,MAINT,False
01-6282,2000s,0,Requests to Revise Certain Compliance Times,,,17000,flight hours,,,DENY,,The FAA does not agree.,True,,MAINT,False
01-6282,2000s,0,Requests to Revise Certain Compliance Times,,,13800,flight hours,,,DENY,,The FAA does not agree.,True,,MAINT,False
01-9879,2000s,0,Request To Extend Compliance Time for Refurbishment,60,days,36,months,24,months,DENY,0.6470588235294118,the FAA has determined that the revised compliance times (24 months for airplanes modified in accordance with Messier-Dowty Service Bulletin 631-32-133; 42 months for unmodified airplanes) represent an appropriate interval,True,,PARTS,False
01-9879,2000s,0,Request To Extend Compliance Time for Refurbishment,60,days,36,months,42,months,FULL,1.1764705882352942,the FAA has determined that the revised compliance times (24 months for airplanes modified in accordance with Messier-Dowty Service Bulletin 631-32-133; 42 months for unmodified airplanes) represent an appropriate interval,True,,PARTS,False
02-12065,2000s,0,Request To Extend the Compliance Time,24,months,48,months,48,months,FULL,1.0,"Therefore, we find that increasing the compliance time for this AD from 24 months to 48 months does not significantly decrease the level of safety.",True,,COST;MAINT,False
02-12065,2000s,1,Request To Reduce Compliance Time,24,months,12,months,24,months,DENY,-0.0,We do not concur to reduce the compliance time.,True,,,False
02-12634,2000s,0,Extend Compliance Time,2,years,4,years,2,years,DENY,0.0,"The FAA does not agree with the commenter's requests, as insufficient supporting data were provided to us to substantiate those requests.",True,,MAINT,False
02-12634,2000s,0,Extend Compliance Time,2,years,4,years,2,years,DENY,0.0,"The FAA does not agree with the commenter's requests, as insufficient supporting data were provided to us to substantiate those requests.",True,,MAINT,False
02-14698,2000s,0,Extend Compliance Time,36,months,54,months,60,months,FULL,1.3333333333333333,We have revised paragraph (a) of this final rule to require accomplishment of the modifications within 60 months after the effective date of the AD.,True,,COST;MAINT;PARTS,False
02-14698,2000s,0,Extend Compliance Time,36,months,5,years,60,months,FULL,0.9664429530201343,We have revised paragraph (a) of this final rule to require accomplishment of the modifications within 60 months after the effective date of the AD.,True,,COST;MAINT;PARTS,False
02-14698,2000s,0,Extend Compliance Time,36,months,48,months,60,months,FULL,2.0,We have revised paragraph (a) of this final rule to require accomplishment of the modifications within 60 months after the effective date of the AD.,True,,COST;MAINT;PARTS,False
02-15366,2000s,0,Extend Compliance Time for Inspection,180,day,18,months,18,months,PARTIAL,1.0,"Thus, we have determined that the initial inspection for cracking or stress corrosion may be deferred until 18 months after the effective date of this AD without jeopardizing the continued safety of the airplane fleet.",True,,COST;MAINT,False
02-15366,2000s,0,Extend Compliance Time for Inspection,180,day,,,,,UNCLEAR,,We partially concur with the commenters' request.,True,,COST;MAINT,False
02-16531,2000s,0,Extend Compliance Time,6,months,12,months,6,months,DENY,0.0,No change to the final rule is necessary in this regard.,True,,MAINT,False
02-16531,2000s,0,Extend Compliance Time,6,months,18,months,6,months,DENY,0.0,No change to the final rule is necessary in this regard.,True,,MAINT,False
02-17299,2000s,0,Request To Extend Compliance Time for Terminating Action,15,months,60,months,15,months,DENY,0.0,"The 15-month compliance period was based upon study of the consequences of failure of the spoiler hold-down actuator supports and associated parts, the availability of replacement parts, typical maintenance intervals, and the work",True,,COST;PARTS,False
02-17527,2000s,0,Request To Extend Compliance Time,12,months,18,months,12,months,DENY,0.0,"In light of these items, we have determined that 12 months for compliance is appropriate.",True,,MAINT,False
02-17527,2000s,0,Request To Extend Compliance Time,,,,,,,FULL,,The FAA concurs.,True,,MAINT,False
02-20269,2000s,0,Extend Compliance Time,24,months,48,months,24,months,DENY,0.0,"we have determined that the compliance time of 24 months, as proposed, is warranted.",True,,MAINT;PARTS,False
02-20510,2000s,0,Extend Compliance Time for Follow-on Inspection of Pivot Pin,,,18,months,18,months,FULL,,Inspecting an affected aft axle pivot pin for heat damage within 18 months after the effective date of this AD is acceptable for compliance with this AD.,True,,,False
02-22175,2000s,0,Request To Extend Compliance Time,18,months,24,months,18,months,DENY,0.0,"we have determined that the compliance time, as proposed, represents an appropriate interval in which the inspection can be accomplished in a timely manner within the fleet and still maintain an adequate level of safety.",True,,COST;MAINT;PARTS,False
02-24405,2000s,0,Reduce Compliance Time,24,months,,,24,months,DENY,,we find that 24 months is an appropriate interval to allow affected airplanes to continue to operate without compromising safety.,True,,,False
02-24405,2000s,1,Extend Compliance Time,24,months,30,months,24,months,DENY,0.0,"As stated previously, we find that 24 months is an appropriate interval for affected airplanes to continue to operate without compromising safety.",True,,MAINT;PARTS,True
02-25346,2000s,0,Requests To Revise the Compliance Time,5,years,10,years,6,years,DENY,0.2,"We concur with the requests to revise the compliance time to the year 2008, but do not concur with the request to extend the compliance time to 10 years.",True,,PARTS,True
02-25346,2000s,0,Requests To Revise the Compliance Time,5,years,,,6,years,FULL,,"In making our determination to extend the compliance time from 5 to 6 years, we also have taken into consideration the service record of Model 737 series airplanes since the accomplishment of the modifications required by AD 97-14-03 and AD 97-14-04.",True,,PARTS,True
02-27080,2000s,0,Extend Compliance Time,18,months,36,months,36,months,FULL,1.0,"Therefore, we concur that the compliance time for paragraph (a) of this AD may be extended to 36 months and yet still maintain an adequate level of safety in the fleet.",True,,MAINT,False
02-2928,2000s,0,Extend Compliance Time,12,months,24,months,12,months,DENY,0.0,No change to the final rule is needed in this regard.,True,,COST;MAINT,False
02-2928,2000s,0,Extend Compliance Time,12,months,24,months,12,months,DENY,0.0,No change to the final rule is needed in this regard.,True,,COST;MAINT,False
02-8454,2000s,0,Extend Compliance Time in Paragraph (m),1200,flight cycles,2250,flight cycles,2250,flight cycles,PARTIAL,1.0,"Therefore, we have changed the initial inspection threshold required by paragraph (n) of the final rule (which was paragraph (m) in the proposed rule) to read, ``Before the accumulation of 50,000 total flight cycles or within 2,250 flight cycles after the effective date of this AD, whichever comes later. * * *''",True,,COST;MAINT;PARTS,False
02-8454,2000s,0,Extend Compliance Time in Paragraph (m),1200,flight cycles,5500,flight cycles,2250,flight cycles,DENY,0.2441860465116279,"We do not agree to extend the compliance threshold for the initial inspection further, per the above requests from the second, third, and fourth commenters.",True,,COST;MAINT;PARTS,False
02-8454,2000s,0,Extend Compliance Time in Paragraph (m),1200,flight cycles,5000,flight cycles,2250,flight cycles,DENY,0.27631578947368424,"We do not agree to extend the compliance threshold for the initial inspection further, per the above requests from the second, third, and fourth commenters.",True,,COST;MAINT;PARTS,False
02-8454,2000s,0,Extend Compliance Time in Paragraph (m),1200,flight cycles,10000,flight cycles,,,DENY,,"We do not agree to extend the compliance threshold for the initial inspection further, per the above requests from the second, third, and fourth commenters.",True,,COST;MAINT;PARTS,False
02-8454,2000s,0,Extend Compliance Time in Paragraph (m),1200,flight cycles,4500,flight cycles,2250,flight cycles,DENY,0.3181818181818182,"We do not agree to extend the compliance threshold for the initial inspection further, per the above requests from the second, third, and fourth commenters.",True,,COST;MAINT;PARTS,False
02-8454,2000s,1,Extend Compliance Time in Paragraph (i),,,1500,flight cycles,750,flight cycles,PARTIAL,,"Therefore, we have changed paragraphs (j) and (k) of this final rule to add a grace period, ``* * * or within 750 flight cycles after the effective date of this AD, whichever is later.''",True,,,False
02-9392,2000s,0,Extend Compliance Time for Terminating Action,,,8,years,,,DENY,,No change to the final rule is needed in this regard.,True,,,False
02-9567,2000s,0,Request to Extend Compliance Times,7,days,30,days,7,days,DENY,0.0,The compliance time remains the same as proposed.,True,,PARTS,False
02-9567,2000s,0,Request to Extend Compliance Times,10,days,30,days,10,days,DENY,0.0,The compliance time remains the same as proposed.,True,,PARTS,False
03-10511,2000s,0,Revise Compliance Time in Paragraph (a)(2)(ii),30,days,30,days,30,days,DENY,,The FAA does not agree to revise the compliance time specified in paragraph (a)(2)(ii) of this final rule.,True,,,False
03-10511,2000s,1,Extend Compliance Time for Terminating Action,90,days,18,months,18,months,FULL,1.0,We agree that the grace period segment of the compliance time for the terminating action in paragraph (g) of this AD may be extended from 90 days to 18 months after the effective date of this AD.,True,,PARTS,False
03-10511,2000s,1,Extend Compliance Time for Terminating Action,90,days,5,years,18,months,DENY,0.25936599423631124,We agree that the grace period segment of the compliance time for the terminating action in paragraph (g) of this AD may be extended from 90 days to 18 months after the effective date of this AD.,True,,PARTS,False
03-15594,2000s,0,Request To Extend Compliance Time,90,days,270,days,90,days,DENY,0.0,"Therefore, no extension is necessary in order to obtain parts.",True,,MAINT;PARTS,False
03-18787,2000s,0,Request To Extend Compliance Time,18,months,24,months,18,months,DENY,0.0,No change to the final rule is necessary in this regard.,True,,COST;MAINT;PARTS,False
03-1954,2000s,0,Request To Extend Compliance Time,18,months,24,months,18,months,DENY,0.0,No change to the final rule is necessary in this regard.,True,,MAINT;PARTS,False
03-1955,2000s,0,Request To Extend the Compliance Time,21,months,12,months,31,months,PARTIAL,-1.1111111111111112,we will extend the compliance time from 21 months to 31 months after the effective date of this AD.,True,,PARTS,False
03-19981,2000s,0,Request To Change Compliance Time,21000,flight hours,5,years,21000,flight hours,DENY,,We do not agree with the requests to extend the compliance time.,True,,COST;MAINT,False
03-19981,2000s,0,Request To Change Compliance Time,3,years,5,years,12,months,DENY,-1.0068493150684932,the proposed AD does not require repetitive fuel pressure leak checks; only a one-time check within 12 months after the effective date of the AD.,True,,COST;MAINT,False
03-19981,2000s,0,Request To Change Compliance Time,21000,flight hours,,,21000,flight hours,DENY,,We do not agree with the requests to extend the compliance time.,True,,COST;MAINT,False
03-20,2000s,0,Extend Compliance Time for Installation of Intercostal(s),24,months,60,months,,,UNCLEAR,,"The FAA concurs that extending the compliance time for the installation of the intercostal(s) is an acceptable alternative to requiring installation of the intercostal(s) within 24 months after the effective date of this AD, provided that repetitive inspections for cracking are performed until the intercostal is installed.",True,,MAINT,False
03-20,2000s,1,Reduce Compliance Time for One-Time Inspection,24,months,12,months,24,months,DENY,-0.0,we find a 24-month compliance time for completing the required inspection to be warranted,True,,,False
03-22495,2000s,0,Request To Extend Compliance Time,16,months,18,months,16,months,DENY,0.0,The FAA does not agree with the commenters' request to extend the compliance time.,True,,MAINT,False
03-23828,2000s,0,Requests To Revise Compliance Times,,,,,,,DENY,,The FAA does not agree with the commenter's request.,True,,COST;MAINT,False
03-23828,2000s,0,Requests To Revise Compliance Times,36,months,72,months,36,months,DENY,0.0,The FAA does not agree that the repetitive inspection interval should be extended.,True,,COST;MAINT,False
03-25700,2000s,0,Request To Extend Compliance Time for Dispatch Limitations,10,days,90,days,10,days,DENY,0.0,"We consider the 48-month compliance time for the modification required by paragraph (c)(3) of the AD, plus the 10-day dispatch limitation of the Master Minimum Equipment List, to be adequate time to complete the requirements of paragraph (e) of the AD.",True,,COST,False
03-27320,2000s,0,Request To Extend Compliance Time,18,months,36,months,18,months,DENY,0.0,We do not agree that the 18-month compliance time should be extended or that a more extensive inspection should be added to the proposed AD.,True,,MAINT,False
03-28089,2000s,0,Request To Extend the Compliance Time,3,months,1,year,3,months,DENY,0.0,we have determined that the 3-month compliance time is prudent and appropriate.,True,,MAINT;PARTS,False
03-29871,2000s,0,Comment Issue No. 1: Extend the Compliance Time,100,hours,150,hours,150,hours,FULL,,The FAA agrees that 150 hours TIS would be a more realistic compliance time.,True,,PARTS,False
03-4241,2000s,0,Request To Extend Compliance Time,4,months,12,months,12,months,FULL,1.0,"We have determined that a compliance time of 12 months will ensure that the identified unsafe condition is addressed in a timely manner, while allowing the majority of affected operators to complete the required actions during a scheduled maintenance visit.",True,,MAINT,False
03-6995,2000s,0,Request To Revise Compliance Time of Paragraph (b)(1),,,,,"6,100",flight cycles,FULL,,"Therefore, the compliance time in paragraph (b)(1) of this final rule has been revised to 6,100 flight cycles, with a grace period of 750 flight cycles/1,900 flight hours (whichever occurs first).",True,,COST,False
03-6995,2000s,1,Request To Extend Compliance Time of Paragraph (a)(2)(ii),60,days,750,flight cycles,750,flight cycles,FULL,,"The grace period, inadvertently written in paragraph (a)(2)(ii) in the proposed AD as 60 days, has been revised in this final rule to 750 flight cycles/1,900 flight hours (whichever occurs first).",True,,COST,False
03-6995,2000s,2,Request To Revise Reporting Requirement Compliance Time,10,days,30,days,30,days,FULL,1.0,The FAA concurs with the request and has revised paragraph (e) in this final rule to extend the reporting compliance time to 30 days.,True,,,False
04-10374,2000s,0,Request To Extend Compliance Time,18,months,24,months,18,months,DENY,0.0,"In consideration of these items, as well as the unpredictable nature of stress corrosion, we have determined that an 18-month interval will ensure an acceptable level of safety and allow the inspection and parts replacement to be done during scheduled maintenance intervals for most affected operators.",True,,MAINT;PARTS,False
04-10740,2000s,0,Request To Extend Compliance Time,740,flight cycles,1100,flight cycles,1100,flight cycles,FULL,1.0,"In light of these factors, we find that a repetitive interval of 1,100 flight cycles represents an appropriate interval that will not compromise safety for affected airplanes.",True,,HARMONIZE,False
04-10741,2000s,0,Request To Extend Compliance Time,700,flight hours,1000,flight hours,700,flight hours,DENY,0.0,we have determined that a compliance time of 700 flight hours will ensure an acceptable level of safety and is an appropriate interval of time wherein the required actions can be accomplished during scheduled maintenance intervals for the majority of affected operators.,True,,MAINT,False
04-10906,2000s,0,Request To Extend Compliance Time,5,years,8,years,5,years,DENY,0.0,We do not agree with the request to extend the compliance time specified in paragraph (a) of the final rule.,True,,COST;MAINT,False
04-10906,2000s,0,Request To Extend Compliance Time,5,years,20000,flight hours,5,years,DENY,,We do not agree with the request to extend the compliance time specified in paragraph (a) of the final rule.,True,,COST;MAINT,False
04-10906,2000s,0,Request To Extend Compliance Time,5,years,6,years,5,years,DENY,0.0,We do not agree with the request to extend the compliance time specified in paragraph (a) of the final rule.,True,,COST;MAINT,False
04-10906,2000s,0,Request To Extend Compliance Time,,,5,years,,,DENY,,We do not agree with the request to change the compliance time to accomplish corrective action for any incorrect bonding resistances.,True,,COST;MAINT,False
04-10907,2000s,0,Request To Extend Compliance Time,24,months,72,months,72,months,FULL,1.0,Accomplish the interim action specified in the applicable Boeing special attention service bulletin within 18 months after the effective date of the final rule and accomplish the required modification specified in the applicable Boeing service bulletin within 72 months after the effective date of the final rule.,True,,COST,False
04-10907,2000s,1,Request To Revise Compliance Time in ``Parts Installation'' Paragraph,,,24,months,,,DENY,,We do not agree to revise the compliance time of paragraph (e) of the final rule (specified in paragraph (c) of the proposed AD).,True,,PARTS,False
04-122,2000s,0,Extend Compliance Time,18,months,18,months,24,months,PARTIAL,,"However, we do agree to extend the compliance time from 18 months to 24 months.",True,,MAINT,False
04-15374,2000s,0,Request To Extend Compliance Time,18,months,24,months,18,months,DENY,0.0,"In consideration of these factors, we find that an 18-month interval is appropriate.",True,,MAINT,False
04-15514,2000s,0,Request To Extend Compliance Time,12,months,3,years,18,months,PARTIAL,0.24489795918367346,"Nonetheless, to avoid airplanes being grounded until the modification can be done, we agree to extend the compliance time for the modification from 1 year to 18 months.",True,,HARMONIZE;PARTS,False
04-16676,2000s,0,Request To Extend Compliance Time for Replacement,2,years,36,months,2,years,DENY,0.0,"In light of all of these factors, we find that 2 years represents an appropriate interval of time for affected airplanes to continue to operate without compromising safety.",True,,MAINT;PARTS,True
04-16676,2000s,0,Request To Extend Compliance Time for Replacement,2,years,4,years,2,years,DENY,0.0,"In light of all of these factors, we find that 2 years represents an appropriate interval of time for affected airplanes to continue to operate without compromising safety.",True,,MAINT;PARTS,True
04-20207,2000s,0,Request to Extend Compliance Time,12,months,36,months,12,months,DENY,0.0,"In consideration of these items, we have determined that 12 months represents an appropriate interval of time allowable wherein the inspections can be accomplished during scheduled maintenance intervals for the majority of affected operators, and wherein an acceptable level of safety can be maintained.",True,,COST;HARMONIZE;MAINT;PARTS,False
04-20406,2000s,0,Request To Extend Compliance Time,,year,18,months,18,months,FULL,,We have revised paragraphs (c) and (d) of the final rule to reflect the 18-month compliance time.,True,,,False
04-20407,2000s,0,Requests To Change Compliance Times,,,,,700,flight hours,DENY,,No change is made to the AD in this regard.,True,,COST;HARMONIZE;MAINT,False
04-20407,2000s,0,Requests To Change Compliance Times,,,,,13,months,DENY,,No change is made to the AD in this regard.,True,,COST;HARMONIZE;MAINT,False
04-20407,2000s,0,Requests To Change Compliance Times,13,months,18,months,13,months,DENY,0.0,No change is made to the AD in this regard.,True,,COST;HARMONIZE;MAINT,False
04-21271,2000s,0,Requests To Extend the Compliance Time,90,days,180,days,90,days,DENY,0.0,We have determined that the identified unsafe condition warrants a compliance time of ``within 90 days after the effective date of the AD.'',True,,MAINT;PARTS,False
04-21271,2000s,0,Requests To Extend the Compliance Time,,,15000,flight hours,,,DENY,,We also do not agree with the commenters' request to extend the threshold compliance times for accomplishment of the requirements of Part 3 of the Boeing alert service bulletin.,True,,MAINT;PARTS,False
04-21271,2000s,0,Requests To Extend the Compliance Time,,,18000,flight hours,,,DENY,,We also do not agree with the commenters' request to extend the threshold compliance times for accomplishment of the requirements of Part 3 of the Boeing alert service bulletin.,True,,MAINT;PARTS,False
04-21271,2000s,0,Requests To Extend the Compliance Time,12000,flight hours,15000,flight hours,12000,flight hours,DENY,0.0,We also do not agree with the commenters' request to extend the threshold compliance times for accomplishment of the requirements of Part 3 of the Boeing alert service bulletin.,True,,MAINT;PARTS,False
04-21271,2000s,0,Requests To Extend the Compliance Time,16000,flight hours,18000,flight hours,16000,flight hours,DENY,0.0,We also do not agree with the commenters' request to extend the threshold compliance times for accomplishment of the requirements of Part 3 of the Boeing alert service bulletin.,True,,MAINT;PARTS,False
04-24624,2000s,0,Request To Extend Compliance Time,18,months,24,months,18,months,DENY,0.0,"we have revised the compliance time specified in paragraph (a) of this AD to ``Within 18 months or 6,000 flight hours after the effective date of this AD, whichever occurs later.''",True,,MAINT;PARTS,False
04-24624,2000s,0,Request To Extend Compliance Time,,,,,,,PARTIAL,,"We do not agree with the suggestion as worded by the commenter, but do agree that the inspection area specified in paragraph (a) and clearance measurements specified in paragraph (a)(2) of this AD need to be clarified.",True,,MAINT;PARTS,False
04-24626,2000s,0,Request To Extend Compliance Time,18,months,24,months,18,months,DENY,0.0,We do not agree with the request to extend the compliance time.,True,,COST;MAINT,False
04-24626,2000s,0,Request To Extend Compliance Time,3500,flight cycles,4500,flight cycles,3500,flight cycles,DENY,0.0,We do not agree with the request to extend the compliance time.,True,,COST;MAINT,False
04-24933,2000s,0,Requests To Extend Compliance Time,4000,flight hours,9000,flight hours,4000,flight hours,DENY,0.0,"we have determined that compliance within 4,000 flight hours or 30 months after the effective date of this AD, whichever is first, will provide an acceptable level of safety",True,,COST;MAINT,False
04-24933,2000s,0,Requests To Extend Compliance Time,4000,flight hours,9000,flight hours,4000,flight hours,DENY,0.0,"we have determined that compliance within 4,000 flight hours or 30 months after the effective date of this AD, whichever is first, will provide an acceptable level of safety",True,,COST;MAINT,False
04-24933,2000s,0,Requests To Extend Compliance Time,4000,flight hours,5500,flight hours,4000,flight hours,DENY,0.0,"we have determined that compliance within 4,000 flight hours or 30 months after the effective date of this AD, whichever is first, will provide an acceptable level of safety",True,,COST;MAINT,False
04-24933,2000s,0,Requests To Extend Compliance Time,4000,flight hours,6000,flight hours,4000,flight hours,DENY,0.0,"we have determined that compliance within 4,000 flight hours or 30 months after the effective date of this AD, whichever is first, will provide an acceptable level of safety",True,,COST;MAINT,False
04-25189,2000s,0,Request To Extend the Compliance Time,15,months,24,months,18,months,PARTIAL,0.3333333333333333,We have reassessed the compliance time and considered the manufacturer's recommendation of a compliance time of 18 months for the general visual inspection.,True,,MAINT,False
04-2578,2000s,0,Request To Extend Compliance Time,36,months,54,months,36,months,DENY,0.0,No change to the final rule is necessary in this regard.,True,,MAINT,False
04-25788,2000s,0,Request To Extend Compliance Time for Modification,4000,flight hours,5000,flight hours,4000,flight hours,DENY,0.0,We have not revised this AD.,True,,MAINT,False
04-27509,2000s,0,Request To Extend Compliance Time,18,months,36,months,18,months,DENY,0.0,"We do not find it necessary to change this proposal in this regard; however, the commenter still may apply for approval of an AMOC to extend the compliance time.",True,,PARTS,False
04-27509,2000s,1,Request To Shorten Compliance Time,,,,,,,DENY,,We have not revised the proposal to shorten the compliance time.,True,,PARTS,False
04-3202,2000s,0,Extend Compliance Time,18,months,36,months,36,months,FULL,1.0,Paragraph (a) of the AD has been revised to specify a compliance time of 36 months.,True,,MAINT,False
04-5847,2000s,0,Request To Extend Compliance Time,22,months,5,years,22,months,DENY,0.0,We have made no change to the final rule in this regard.,True,,COST;MAINT,False
04-7449,2000s,0,Requests To Revise the Initial Inspection Compliance Time,,,1000,flight cycles,,,DENY,,We do not agree with the commenters' requests to extend the compliance times.,True,,COST,False
05-11793,2000s,0,Request To Extend Compliance Time,2,years,3,years,2,years,DENY,0.0,We do not agree with the request to extend the compliance times in the final rule.,True,,COST;MAINT,False
05-11793,2000s,0,Request To Extend Compliance Time,5,years,6,years,5,years,DENY,0.0,We do not agree with the request to extend the compliance times in the final rule.,True,,COST;MAINT,False
05-11793,2000s,0,Request To Extend Compliance Time,5,years,6,years,5,years,DENY,0.0,We do not agree with the request to extend the compliance times in the final rule.,True,,COST;MAINT,False
05-11793,2000s,1,Request To Revise Initial Compliance Time,,,,,,,DENY,,We do not agree to revise the initial compliance time in the final rule.,True,,,False
05-12000,2000s,0,Request To Revise Compliance Time for Paragraph (h)(2) of the NPRM,,,30,days,30,days,PARTIAL,,"If the repair required by paragraph (h)(1) of this AD was accomplished before the effective date of this AD: Revise the Airworthiness Limitations section within 12 months after the repair or 30 days after the effective date of this AD, whichever occurs later.",True,,COST;HARMONIZE,False
05-12000,2000s,0,Request To Revise Compliance Time for Paragraph (h)(2) of the NPRM,30,days,30,days,12,months,DENY,,We have consulted with TCCA and determined that a 12-month compliance time is an adequate amount of time for operators to incorporate the new inspection criteria.,True,,COST;HARMONIZE,False
05-12510,2000s,0,Request To Extend Compliance Time for Weight Inspection/Records Check,,,12,months,12,months,FULL,,"Accordingly, we have revised paragraph (d)(3) of this AD, and added paragraphs (d)(3)(i) and (d)(3)(ii) to this AD, to allow up to 12 months for accomplishing the weight check on airplanes on which the actions in paragraphs (d)(1) and (d)(2) of this AD have been accomplished before the effective date of this AD.",True,,,False
05-12511,2000s,0,Request To Extend Compliance Time,4000,flight cycles,6000,flight cycles,4000,flight cycles,DENY,0.0,"we find that a 4,000-flight-cycle repetitive interval represents an appropriate interval of time for Model Avro 146-RJ series airplanes to operate between inspections without compromising safety.",False,,,False
05-12635,2000s,0,Requests To Extend Compliance Time,18,months,,,60,months,PARTIAL,,We find that extending the compliance time from 18 months to 60 months will not adversely affect safety,True,,COST;MAINT;NOFAIL;PARTS,False
05-13140,2000s,0,Request To Shorten Compliance Time,18,months,,,18,months,DENY,,We have not changed the final rule in this regard.,True,,MAINT;PARTS,False
05-13142,2000s,0,Extend Compliance Time Specified in Paragraph (c) of the Proposed AD,,,,,,,DENY,,We have not changed the AD in this regard.,True,,MAINT;PARTS,False
05-13434,2000s,0,Request To Extend Compliance Time,3500,flight cycles,4500,flight cycles,3500,flight cycles,DENY,0.0,"we have determined that the compliance time of within 3,500 flight cycles after the effective date of this AD in paragraph (h) of this AD is appropriate.",True,,COST;MAINT;PARTS,False
05-1722,2000s,0,Request To Extend Compliance Time,60,months,63,months,72,months,FULL,4.0,"We have revised paragraphs (b)(1), (b)(2), and (c) of the final rule to require a compliance time of 72 months.",True,,MAINT,False
05-17318,2000s,0,Request To Extend the Compliance Time of the Final Rule,30,days,,,180,days,FULL,,We changed the effective date from 30 days after publication in the Federal Register to 180 days after publication in the Federal Register.,True,,,False
05-17319,2000s,0,Request To Extend the Compliance Time of the Final Rule,30,days,,,180,days,FULL,,We changed the effective date from 30 days after publication in the Federal Register to 180 days after publication in the Federal Register.,True,,COST,False
05-18518,2000s,0,Request To Extend Compliance Time,58,months,72,months,58,months,DENY,0.0,We have not changed this AD in this regard.,True,,MAINT,False
05-19869,2000s,0,Request To Extend Compliance Time,6,months,12,months,6,months,DENY,0.0,"We do not agree, since the commenter has provided no technical justification for extending the compliance time.",True,,MAINT,False
05-20074,2000s,0,Request To Extend Compliance Time,17,months,,,24,months,FULL,,extending the compliance time from 17 months to 24 months will not adversely affect safety,True,,MAINT,False
05-20264,2000s,0,Requests To Extend Compliance Time,18,months,24,months,24,months,FULL,1.0,"We agree to extend the compliance time for the initial and repetitive inspections to 6,000 flight hours or 24 months, whichever is first.",True,,COST;MAINT;PARTS,False
05-20264,2000s,0,Requests To Extend Compliance Time,6000,flight hours,7500,flight hours,6000,flight hours,DENY,0.0,"However, we do not agree to extend the compliance time to 7,500 flight hours or 24 months; the 6,000-flight-hour compliance time was based on service history of part failures and an engineering fatigue analysis by the original equipment manufacturer (OEM).",True,,COST;MAINT;PARTS,False
05-22591,2000s,0,Request To Reduce the Compliance Time,18,month,,,18,month,DENY,,We have not changed the AD in this regard.,True,,,False
05-22591,2000s,1,Request To Increase the Compliance Time,18,months,24,months,18,months,DENY,0.0,"We considered the urgency associated with the unsafe condition and the practical aspects of accomplishing the required inspection within an interval that corresponds to the normal maintenance schedules of most affected operators and, with manufacturer concurrence, arrived at an appropriate compliance time of 18 months for all affected airplanes.",True,,,False
05-22970,2000s,0,Request To Extend the Compliance Time,,,,,30,day,DENY,,We do not agree that the 30-day compliance time is not sufficient.,True,,,False
05-23957,2000s,0,Requests To Extend Compliance Time,18,months,36,months,36,months,FULL,1.0,"We find that extending the compliance time from 18 to 36 months will not adversely affect safety, and, for the majority of affected operators, will allow the required actions to be performed during regularly scheduled maintenance at a base where special equipment and trained maintenance personnel will be available if necessary.",True,,COST;MAINT;PARTS,False
05-24054,2000s,0,Request To Extend Compliance Time,18,months,21,months,18,months,DENY,0.0,No change to the final rule is necessary.,True,,COST;MAINT,False
05-281,2000s,0,Requests To Revise Compliance Times,36,months,,,48,months,PARTIAL,,we have determined that extending the compliance times from the proposed 36 months to 48 months will provide an acceptable level of safety.,True,,MAINT;PARTS,False
05-281,2000s,0,Requests To Revise Compliance Times,36,months,48,months,48,months,FULL,1.0,we have determined that extending the compliance times from the proposed 36 months to 48 months will provide an acceptable level of safety.,True,,MAINT;PARTS,False
05-281,2000s,0,Requests To Revise Compliance Times,36,months,48,months,48,months,FULL,1.0,we have determined that extending the compliance times from the proposed 36 months to 48 months will provide an acceptable level of safety.,True,,MAINT;PARTS,False
05-2831,2000s,0,Requests To Extend Compliance Time,5,years,8,years,5,years,DENY,0.0,"We have determined that the initial compliance time of within five years after the effective date of the AD, as specified in paragraph (h) of the final rule, is appropriate.",True,,COST;MAINT;PARTS,False
05-2831,2000s,0,Requests To Extend Compliance Time,5,years,6,years,5,years,DENY,0.0,"We have determined that the initial compliance time of within five years after the effective date of the AD, as specified in paragraph (h) of the final rule, is appropriate.",True,,COST;MAINT;PARTS,False
05-2831,2000s,0,Requests To Extend Compliance Time,,,,,,,FULL,,We agree that OEPs may be allowed for draining and gaining access to the fuel tanks provided those procedures are FAA-accepted procedures.,True,,COST;MAINT;PARTS,False
05-2831,2000s,0,Requests To Extend Compliance Time,,,,,,,FULL,,We agree with the request to remove the requirement to identify the front spar with the service bulletin number or equivalent.,True,,COST;MAINT;PARTS,False
05-7282,2000s,0,Request to Extend Compliance Time,1200,flight hours,2000,flight hours,8000,flight cycles,PARTIAL,,"We find that P/Ns 2C7-4 must be inspected and sprayed within 8,000 flight cycles after their replacement, and repeated thereafter at intervals not to exceed 8,000 flight cycles.",True,,PARTS,False
06-1408,2000s,0,Request To Revise Applicability and Compliance Time,6,months,18,months,,,UNCLEAR,,He notes that Meggitt Service Information Letter (SIL) 8930-26-01 (cited in the proposed AD) specifies that replacing the smoke detectors on Model 717-200 airplanes could take up to 18 months.,True,,PARTS,False
06-1412,2000s,0,Request To Extend the Compliance Time,22,months,34,months,34,months,FULL,1.0,We have revised the AD to specify 34 months.,True,,,False
06-2852,2000s,0,Requests To Extend Compliance Time,6,months,14,months,14,months,FULL,1.0,"In consideration of these items, we have determined that compliance within 14 months after the effective date of this AD will provide an acceptable level of safety and is an appropriate interval of time wherein the required actions can be accomplished during scheduled maintenance intervals for the majority of affected operators.",True,,HARMONIZE;MAINT;PARTS,False
06-2852,2000s,0,Requests To Extend Compliance Time,6,months,2,years,14,months,PARTIAL,0.43636363636363634,"In consideration of these items, we have determined that compliance within 14 months after the effective date of this AD will provide an acceptable level of safety and is an appropriate interval of time wherein the required actions can be accomplished during scheduled maintenance intervals for the majority of affected operators.",True,,HARMONIZE;MAINT;PARTS,False
06-2852,2000s,0,Requests To Extend Compliance Time,6,months,18,months,14,months,PARTIAL,0.6666666666666666,"In consideration of these items, we have determined that compliance within 14 months after the effective date of this AD will provide an acceptable level of safety and is an appropriate interval of time wherein the required actions can be accomplished during scheduled maintenance intervals for the majority of affected operators.",True,,HARMONIZE;MAINT;PARTS,False
06-3062,2000s,0,Request To Extend Compliance Time for Repetitive Inspections,20,months,,,20,months,DENY,,This AD remains unchanged in this regard.,True,,COST;MAINT,False
06-3066,2000s,0,Request To Extend Certain Compliance Times,,,30,days,,,DENY,,We have not changed the final rule regarding this issue.,True,,,False
06-3066,2000s,1,Request To Extend Compliance Time for Reporting,30,days,30,days,30,days,DENY,,"If the inspection reveals any cracks, the proposed AD would require operators to submit a report within 30 days after the inspection.",True,,,False
06-3478,2000s,0,Request To Extend the Compliance Time,48,months,60,months,60,months,FULL,1.0,We agree to extend the compliance time to 60 months.,True,,,False
06-4134,2000s,0,Request To Extend Compliance Time Based on Future Revision of French AD,18,months,20,months,18,months,DENY,0.0,No change to the AD is necessary in this regard.,True,,,False
06-4134,2000s,1,Request To Extend Compliance Time Based on Maintenance Schedule,,,23,months,,,DENY,,We have not changed the AD in this regard.,True,,,False
06-4135,2000s,0,Requests To Extend Compliance Time,22,months,30,months,36,months,FULL,1.75,"We find that extending the compliance time from 22 to 36 months will not adversely affect safety, and, for the majority of affected operators, will allow the required modification to be performed during regularly scheduled maintenance at a base where special equipment and trained maintenance personnel will be available if necessary.",True,,MAINT,False
06-4135,2000s,0,Requests To Extend Compliance Time,22,months,36,months,36,months,FULL,1.0,"We find that extending the compliance time from 22 to 36 months will not adversely affect safety, and, for the majority of affected operators, will allow the required modification to be performed during regularly scheduled maintenance at a base where special equipment and trained maintenance personnel will be available if necessary.",True,,MAINT,False
06-4230,2000s,0,Request To Extend Compliance Time for Initial Inspection,15000,flight hours,18000,flight hours,15000,flight hours,DENY,0.0,We have made no change to the AD in this regard.,True,,COST,False
06-4230,2000s,0,Request To Extend Compliance Time for Initial Inspection,,,18,months,,,DENY,,"As specified in paragraph (f) of this AD, the compliance time is relative to the effective date of this AD.",True,,COST,False
06-4231,2000s,0,Request To Extend Compliance Time,84,months,96,months,89,months,PARTIAL,0.4166666666666667,"Therefore, we have revised paragraph (e) of the AD to specify a compliance time of ``20,000 flight hours or 89 months after the effective date of this AD, whichever occurs first.''",True,,,False
06-4231,2000s,1,Change to Compliance Time Priority,,,,,,,FULL,,"Within 5,000 flight hours or 24 months after the effective date of this AD, whichever occurs first.",True,,,False
06-4423,2000s,0,Request To Revise Compliance Time for Restated Actions,36,months,6,months,36,months,DENY,-0.0,We have not changed the AD in this regard.,True,,PARTS,False
06-4423,2000s,1,Request To Extend Compliance Times,24,months,24,months,24,months,DENY,,We have not changed the AD in this regard.,True,,PARTS,False
06-4423,2000s,1,Request To Extend Compliance Times,6,months,6,months,6,months,DENY,,We have not changed the AD in this regard.,True,,PARTS,False
06-4541,2000s,0,Request To Change Compliance Time in Paragraph (f)(1),,,"5,600",flight-hour,,,DENY,,We have made no change to the AD in this regard.,True,,,False
06-4541,2000s,1,Request To Extend Compliance Time in Paragraph (h),12,months,18,months,12,months,DENY,0.0,We have made no change to the AD in this regard.,True,,COST;MAINT,False
06-4595,2000s,0,Requests To Extend Compliance Time,,,36,months,36,months,FULL,,"Based on the information supplied by the operators, we have determined that 36 months corresponds more closely to the interval representative of most of the affected operators' heavy maintenance schedules.",True,,COST;MAINT,False
06-4595,2000s,0,Requests To Extend Compliance Time,,,48,months,36,months,PARTIAL,,"Based on the information supplied by the operators, we have determined that 36 months corresponds more closely to the interval representative of most of the affected operators' heavy maintenance schedules.",True,,COST;MAINT,False
06-4803,2000s,0,Request To Extend Compliance Time,60,months,72,months,72,months,FULL,1.0,"Therefore, we have revised paragraph (f) of the AD to extend the compliance time to 72 months.",True,,COST,False
06-5205,2000s,0,Request To Extend Compliance Time,24,months,36,months,36,months,FULL,1.0,"Accordingly, we have revised paragraph (f) of the AD to specify a compliance time of 36 months.",True,,COST;MAINT,False
06-5205,2000s,0,Request To Extend Compliance Time,24,months,72,months,36,months,DENY,0.25,"Accordingly, we have revised paragraph (f) of the AD to specify a compliance time of 36 months.",True,,COST;MAINT,False
2010-11358,2010s,0,Request To Extend Compliance Time,,,12,months,12,months,FULL,,"If one, two, or three screws are loose with a visible gap, the screws must be repaired within 12 months after the damage is found.",True,,HARMONIZE,False
2010-11358,2010s,0,Request To Extend Compliance Time,,,6,months,6,months,FULL,,If one screw is broken the screw must be repaired within 6 months after the damage is found.,True,,HARMONIZE,False
2010-11358,2010s,0,Request To Extend Compliance Time,,,10,flight cycles,10,flight cycles,FULL,,"If two screws are broken, the screws must be repaired within 10 flight cycles after the damage is found.",True,,HARMONIZE,False
2010-11358,2010s,0,Request To Extend Compliance Time,,,,,,,FULL,,"if three screws are broken and the damping device is no longer attached, the repair must be done before further flight.",True,,HARMONIZE,False
2010-11740,2010s,0,Request To Extend Compliance Time,24,months,72,months,,,DENY,,We do not agree to extend the compliance time specified in paragraph (f) of the final rule for door-2 locations without an installed monument.,True,,MAINT,False
2010-15651,2010s,0,Request To Extend Compliance Time,60,months,,,60,months,DENY,,We have not changed the final rule in this regard.,True,,MAINT;PARTS,False
2010-15935,2010s,0,Requests To Extend Compliance Time,60,months,72,months,60,months,DENY,0.0,We have made no change to the AD in this regard.,True,,COST;MAINT;PARTS,False
2010-15935,2010s,0,Requests To Extend Compliance Time,60,months,72,months,60,months,DENY,0.0,We have made no change to the AD in this regard.,True,,COST;MAINT;PARTS,False
2010-15935,2010s,0,Requests To Extend Compliance Time,60,months,8,years,60,months,DENY,0.0,We have made no change to the AD in this regard.,True,,COST;MAINT;PARTS,False
2010-15935,2010s,0,Requests To Extend Compliance Time,60,months,8,years,60,months,DENY,0.0,We have made no change to the AD in this regard.,True,,COST;MAINT;PARTS,False
2010-15935,2010s,0,Requests To Extend Compliance Time,60,months,8,years,60,months,DENY,0.0,We have made no change to the AD in this regard.,True,,COST;MAINT;PARTS,False
2010-18398,2010s,0,Request To Extend the Proposed Initial Compliance Time,500,flight hours,1500,flight hours,1500,flight hours,FULL,1.0,"We are changing the initial compliance time from 500 flight hours or 2 months after the effective date of this AD to 1,500 flight hours or 180 days after the effective date of this AD.",True,,COST;HARMONIZE,False
2010-18398,2010s,1,Request To Extend the Compliance Time for the Reporting Requirement,30,days,120,days,30,days,DENY,0.0,We have not changed this AD regarding this issue.,True,,COST;HARMONIZE,False
2010-18398,2010s,2,Request To Change Proposed Compliance Time Frame,2,months,60,days,180,days,PARTIAL,,"changing the initial compliance time from 500 flight hours or 2 months after the effective date of this AD to 1,500 flight hours or 180 days after the effective date of this AD, will provide an acceptable level of safety.",True,,,False
2010-18398,2010s,2,Request To Change Proposed Compliance Time Frame,6,months,180,days,,,DENY,,the repetitive inspections proposed in the NPRM are no longer necessary and have been removed from this AD.,True,,,False
2010-18624,2010s,0,Request To Extend Compliance Time,36,months,72,months,36,months,DENY,0.0,No change has been made to the AD in this regard.,True,,MAINT;PARTS,False
2010-19696,2010s,0,Request To Extend Proposed Compliance Time for Installation,60,months,72,months,60,months,DENY,0.0,"In consideration for these items, we have determined that a 60-month compliance time will ensure an acceptable level of safety and allow the installation to be done during scheduled maintenance intervals for most affected operators.",True,,MAINT,False
2010-22679,2010s,0,Requests To Extend Compliance Time,45,days,,,6,months,FULL,,We have extended the compliance time specified in paragraph (g) of this AD to 6 months after the effective date of the AD to coincide with the extension given in AMOCs for AD 2008-22-01.,True,,MAINT,False
2010-22679,2010s,0,Requests To Extend Compliance Time,45,days,12,months,6,months,PARTIAL,0.42857142857142855,We have extended the compliance time specified in paragraph (g) of this AD to 6 months after the effective date of the AD to coincide with the extension given in AMOCs for AD 2008-22-01.,True,,MAINT,False
2010-22849,2010s,0,Request To Extend the Proposed Initial Compliance Time,500,flight hours,1500,flight hours,1500,flight hours,FULL,1.0,"We have revised the initial compliance time in paragraph (f)(1) of this AD from 500 flight hours or 2 months after the effective date of this AD to 1,500 flight hours or 6 months (whichever occurs first) after the effective date of this AD.",True,,COST;HARMONIZE,False
2010-22849,2010s,0,Request To Extend the Proposed Initial Compliance Time,2,months,6,months,6,months,FULL,1.0,"We have revised the initial compliance time in paragraph (f)(1) of this AD from 500 flight hours or 2 months after the effective date of this AD to 1,500 flight hours or 6 months (whichever occurs first) after the effective date of this AD.",True,,COST;HARMONIZE,False
2010-22849,2010s,1,Request To Extend the Compliance Time for the Reporting Requirement,30,days,120,days,30,days,DENY,0.0,We have not changed this AD regarding this issue.,True,,COST;HARMONIZE,False
2010-25458,2010s,0,Request To Extend the Compliance Time for the Inspection,1600,flight hours,,,1600,flight hours,DENY,,"In addition, Bombardier, Inc. recommends a compliance time of 1,600 flight hours or 18 months.",True,,MAINT;PARTS,False
2010-30606,2010s,0,Request To Extend Compliance Time,60,months,,,60,months,DENY,,We have not changed the AD in this regard.,True,,MAINT,False
2010-3222,2010s,0,Request for Extension of Proposed Compliance Time for Modification,6,months,30,months,6,months,DENY,0.0,We disagree with extending the proposed compliance time for the modification.,True,,MAINT;PARTS,False
2010-398,2010s,0,Request To Extend the Compliance Time,60,months,72,months,60,months,DENY,0.0,We have not changed the AD in this regard.,True,,MAINT;PARTS,True
2010-4652,2010s,0,Request To Extend Compliance Time,18,months,36,months,18,months,DENY,0.0,the compliance time specified in the NPRM is within 18 months after the effective date of the AD.,True,,COST;HARMONIZE;MAINT;PARTS,False
2010-5856,2010s,0,Request To Extend Compliance Time,60,months,72,months,60,months,DENY,0.0,We have made no change to the AD in this regard.,True,,MAINT;PARTS,False
2010-594,2010s,0,Comment Issue No. 1: Extend Compliance Time To Replace the Spar Caps,,,,,,,DENY,,We are not changing the final rule AD action based on this comment.,True,,PARTS,False
2011-15991,2010s,0,Request To Extend the Compliance Time,30,days,30,months,30,days,DENY,0.0,We have not changed the AD in this regard.,True,,COST;PARTS,False
2011-19828,2010s,0,Request To Extend the Compliance Time,24,month,,,24,month,DENY,,determined that it would be capable of reasonably achieving a 24-month compliance time,False,,COST;PARTS,False
2011-26257,2010s,0,Request for Extension of Compliance Time,8,months,40,months,30,months,PARTIAL,0.6875,We have changed the compliance time in paragraph (h) of this AD to ``within 30 months after the effective date of this AD.'',True,,HARMONIZE;MAINT;PARTS,False
2011-26257,2010s,0,Request for Extension of Compliance Time,8,months,60,months,30,months,PARTIAL,0.4230769230769231,We have changed the compliance time in paragraph (h) of this AD to ``within 30 months after the effective date of this AD.'',True,,HARMONIZE;MAINT;PARTS,False
2011-26718,2010s,0,Request To Change the Initial Compliance Time,3300,flight hours,5000,flight hours,3300,flight hours,DENY,0.0,"we have determined that the initial compliance time of 3,300 flight hours will ensure an acceptable level of safety.",True,,COST;MAINT;PARTS,False
2011-28360,2010s,0,Request To Extend the Proposed Compliance Time,12,months,24,months,12,months,DENY,0.0,we have determined that a 12-month compliance time for the initial inspection in paragraph (h)(1) of this final rule is appropriate.,True,,MAINT;PARTS,True
2011-9285,2010s,0,Request To Extend Compliance Time,600,flight hours,30000,flight hours,600,flight hours,DENY,0.0,We have not changed the final rule in regard to this issue.,True,,COST;MAINT;PARTS,False
2011-9285,2010s,0,Request To Extend Compliance Time,,,,,,,FULL,,We agree to explain the rationale for this requirement.,True,,COST;MAINT;PARTS,False
2011-9285,2010s,1,Request To Extend the Compliance Time,,,,,600,flight hours,DENY,,We have provided a grace period of 600 flight hours to replace the rainbow fittings.,True,,COST,False
2011-9917,2010s,0,Request to Extend Compliance Time,36,months,60,months,36,months,DENY,0.0,we have determined that a 36-month compliance time will ensure an acceptable level of safety and allow those actions to be done during scheduled maintenance intervals for most affected operators.,True,,MAINT,False
2012-14048,2010s,0,Requests for Extension of Compliance Time,,,60,months,,,DENY,,We do not agree to extend the compliance time in this final rule.,True,,COST;MAINT;PARTS,False
2012-14048,2010s,0,Requests for Extension of Compliance Time,,,30,months,,,DENY,,We do not agree to extend the compliance time in this final rule.,True,,COST;MAINT;PARTS,False
2012-15683,2010s,0,Request To Extend Compliance Time,24,months,,,37,months,PARTIAL,,We have extended the compliance time in paragraph (l) of this final rule to 37 months after the effective date of the AD.,True,,,False
2012-15893,2010s,0,Request To Shorten Compliance Time,18,months,12,months,18,months,DENY,-0.0,We have not changed the AD in this regard.,True,,PARTS,False
2012-15893,2010s,1,Request To Increase Compliance Time,18,months,24,months,18,months,DENY,0.0,We have not changed the AD in this regard.,True,,PARTS,False
2012-15897,2010s,0,Request To Extend the Compliance Time,30,months,40,months,30,months,DENY,0.0,"In developing the proposed compliance time, we determined that the compliance time of 4,500 flight hours or 30 months after the effective date of the AD, whichever occurs first, is appropriate...",False,,HARMONIZE;MAINT;PARTS,False
2012-16333,2010s,0,Request To Extend Initial Compliance Time,500,flight-hour,,,500,flight-hour,DENY,,We have not changed this compliance time in the final rule.,True,,,False
2012-18583,2010s,0,Request To Extend Compliance Time,24,months,48,months,24,months,DENY,0.0,We have not changed the AD in this regard.,True,,COST;MAINT;PARTS,False
2012-18583,2010s,1,Request To Reduce Compliance Time,,,,,96,months,DENY,,"Operators are always permitted to accomplish the requirements of an AD at a time earlier than the specified compliance time; therefore, an operator may choose to add the reinforcing fiberglass overcoat before the specified compliance time of 96 months after the effective date of this AD.",True,,PARTS,False
2012-18884,2010s,0,Request To Extend the Compliance Time,30,months,40,months,30,months,DENY,0.0,We do not agree to extend the compliance time specified in this final rule.,True,,MAINT;PARTS,False
2012-19254,2010s,0,Request for Extension of Compliance Time,30,months,36,months,30,months,DENY,0.0,We disagree to revise the compliance time in the final rule.,True,,COST;MAINT;PARTS,False
2012-20265,2010s,0,Requests To Revise Compliance Times,,,,,,,FULL,,We agree with the commenter's requests.,True,,,False
2012-20265,2010s,0,Requests To Revise Compliance Times,,,,,,,FULL,,We agree with the commenter's requests.,True,,,False
2012-22532,2010s,0,Request To Increase Compliance Time,42,months,60,months,42,months,DENY,0.0,We do not agree.,True,,COST;PARTS,False
2012-22532,2010s,0,Request To Increase Compliance Time,42,months,48,months,42,months,DENY,0.0,We have no data that justifies extending the compliance time to 48 months.,True,,COST;PARTS,False
2012-22532,2010s,0,Request To Increase Compliance Time,,,,,,,UNCLEAR,,KLM also requested that the compliance date be extended.,False,,COST;PARTS,False
2012-22532,2010s,0,Request To Increase Compliance Time,,,,,,,UNCLEAR,,KLM also requested a longer compliance period for APU's modified per SB 3910001-49-16250.,True,,COST;PARTS,False
2012-22532,2010s,0,Request To Increase Compliance Time,42,months,60,months,42,months,DENY,0.0,We did not change the AD based on this comment.,True,,COST;PARTS,False
2012-23790,2010s,0,Requests to Extend Compliance Time,"3,000",days,"3,650",days,"3,000",days,DENY,,We have not changed the final rule regarding this issue.,True,,MAINT,False
2012-23790,2010s,0,Requests to Extend Compliance Time,"3,750",days,"4,015",days,"3,750",days,DENY,,We have not changed the final rule regarding this issue.,True,,MAINT,False
2012-2560,2010s,0,Request To Extend Compliance Time,36,months,48,months,36,months,DENY,0.0,We have not changed the final rule regarding this issue.,True,,COST;PARTS,False
2012-26963,2010s,0,Request To Revise Compliance Time: Account for PTLU Development Time,,,,,,,DENY,,We have not changed the final rule regarding this issue.,True,,,False
2012-26963,2010s,1,Request To Revise Compliance Time: Allow for New Maintenance Procedures,48,months,72,months,48,months,DENY,0.0,We have not changed the final rule regarding this issue.,True,,,False
2012-26963,2010s,2,Request To Extend Compliance Time: Account for Design Service Goals,,,,,,,DENY,,We have not changed the final rule regarding this issue.,True,,,False
2012-28029,2010s,0,Request To Extend Compliance Time,60,months,72,months,60,months,DENY,0.0,No change has been made to this AD in this regard.,True,,MAINT;PARTS,False
2012-28029,2010s,0,Request To Extend Compliance Time,,,,,,,DENY,,"We disagree with the request to revise paragraph (f) of the NPRM (77 FR 34879, June 12, 2012).",True,,MAINT;PARTS,False
2012-29469,2010s,0,Request To Revise Compliance Time,24,month,30,month,24,month,DENY,0.0,we have determined that the 24-month compliance time for the modification is the longest duration allowable that will ensure an acceptable level of safety.,True,,MAINT;PARTS,False
2012-29469,2010s,0,Request To Revise Compliance Time,24,month,36,month,24,month,DENY,0.0,we have determined that the 24-month compliance time for the modification is the longest duration allowable that will ensure an acceptable level of safety.,True,,MAINT;PARTS,False
2012-4429,2010s,0,Request To Extend Compliance Time,,,12000,flight cycles,,,DENY,,We do not agree with the commenters' request.,True,,COST,False
2012-4745,2010s,0,Request To Extend the Compliance Time,,,,,,,DENY,,We did not change the AD.,True,,,False
2012-4745,2010s,0,Request To Extend the Compliance Time,,,,,,,FULL,,We agree. We changed the AD to incorporate by reference (IBR) only that Hamilton Sundstrand ASB.,True,,,False
2012-4745,2010s,1,Request To Change the Compliance Time,,,,,,,DENY,,We did not change the AD.,True,,COST,False
2012-8038,2010s,0,Request To Extend Compliance Time for Modification,24,months,30,months,24,months,DENY,0.0,We have not changed the final rule regarding this issue.,True,,MAINT;PARTS,False
2012-8038,2010s,0,Request To Extend Compliance Time for Modification,24,months,,,24,months,DENY,,We have not changed the final rule regarding this issue.,True,,MAINT;PARTS,False
2012-8038,2010s,1,Request To Revise Compliance Time for Certain Inspections,,,48,months,,,DENY,,We have not changed the final rule regarding this issue.,True,,PARTS,False
2013-02723,2010s,0,Request To Extend Compliance Time,,,,,,,DENY,,We disagree with the request to extend the compliance time.,True,,COST;PARTS,False
2013-03268,2010s,0,Request To Extend Compliance Time,24,months,72,months,24,months,DENY,0.0,We have not changed the AD in this regard.,True,,MAINT,False
2013-04634,2010s,0,Requests To Extend Compliance Time,28,months,36,months,28,months,DENY,0.0,We have not changed the AD in this regard.,True,,HARMONIZE;PARTS,False
2013-04634,2010s,0,Requests To Extend Compliance Time,,,28,months,28,months,FULL,,"We have changed paragraph (j)(1) of this AD (referred to as paragraph (i) of the NPRM (77 FR 42457, July 19, 2012)) to state that the installation of the old style liners for airplane S/Ns 7003 through 7857 inclusive is prohibited after completion of the cargo compartment liner modification required by paragraph (g) of this AD, which is required within 28 months after the effective date of this AD.",True,,HARMONIZE;PARTS,False
2013-05588,2010s,0,Request To Extend Compliance Time,6,months,24,months,24,months,FULL,1.0,"We have determined that, for airplanes on which Boeing Service Bulletin 767-27A0219 has been done as of the effective date of this AD, a compliance time of within 24 months will provide an acceptable level of safety for accomplishing the inspection required by paragraph (g) of this AD.",True,,PARTS,False
2013-05588,2010s,0,Request To Extend Compliance Time,,,,,,,FULL,,"We agree to add an exception to this AD, for the reasons provided by the commenter.",True,,PARTS,False
2013-05871,2010s,0,Request To Extend Compliance Time,,,,,42,month,DENY,,We have not changed this AD regarding this issue.,True,,PARTS,False
2013-07209,2010s,0,Request To Extend Compliance Time for Related AMOC,60,month,,,,,FULL,,"We agree with the requests, for the reasons provided by the commenters. We have changed paragraph (x)(4) in this final rule to extend the expiration of the referenced AMOCs.",True,,,False
2013-08191,2010s,0,Request To Extend the Compliance Time,60,months,72,months,72,months,FULL,1.0,We agree with extending the compliance time to 72 months.,True,,MAINT,False
2013-08992,2010s,0,Request To Extend the Compliance Time,36,months,72,months,36,months,DENY,0.0,We have not changed the AD in this regard.,True,,COST;MAINT;PARTS,False
2013-10006,2010s,0,Request To Extend Compliance Time,180,days,24,months,180,days,DENY,0.0,No change has been made to the AD in this regard.,True,,MAINT,False
2013-12717,2010s,0,Request To Extend Compliance Time,72,months,88,months,72,months,DENY,0.0,We have not changed the AD in this regard.,True,,COST;MAINT;PARTS,False
2013-18090,2010s,0,Request To Extend Compliance Time,10000,total flight cycles,18000,total flight cycles,10000,total flight cycles,DENY,,"we have determined that a compliance time of before 10,000 total flight cycles will ensure an acceptable level of safety and allow the inspections and modifications to be done during scheduled maintenance intervals for most affected operators.",True,,MAINT;PARTS,False
2013-18090,2010s,0,Request To Extend Compliance Time,,,,,,,FULL,,"We agree to allow replacement of cracked hinges with new hinges having P/Ns 113A8341-1 and 113A8341-2, as long as inspections of the replacement hinges are accomplished at the time specified in paragraph 1.E., ``Compliance,'' of Boeing Alert Service Bulletin 737-52A1167, dated December 1, 2011.",True,,MAINT;PARTS,False
2013-23898,2010s,0,Request To Extend Compliance Time,14,days,650,flight hours,14,days,DENY,,We have not changed the final rule regarding this issue.,True,,,False
2013-24031,2010s,0,Request To Extend Compliance Time,,,60,months,,,DENY,,We disagree with DAL's request to extend the compliance time.,True,,PARTS,False
2014-02997,2010s,0,Request To Extend Compliance Time,60,months,72,months,60,months,DENY,0.0,"FedEx requested that the compliance time for the NPRM (78 FR 16198, March 14, 2013) be extended from ``Within 60 months after February 4, 2010 (the effective date of AD 2009-26-16),'' for the retained inspection and actions specified in paragraphs (g)(1) through (g)(5) of the NPRM to 72 months, or February 4, 2016, at a minimum.",True,,MAINT;PARTS,False
2014-04954,2010s,0,Request To Extend Compliance Time,2000,flight cycles,500,flight cycles,2000,flight cycles,DENY,-0.0,We have not changed this final rule in this regard.,True,,,False
2014-06004,2010s,0,Request To Extend Compliance Time,14,months,36,months,18,months,PARTIAL,0.18181818181818182,we determined that an extension of the compliance time to 18 months for this final rule is appropriate.,True,,MAINT,False
2014-09835,2010s,0,Request To Revise a Calendar-Based to a Cycle-Based Compliance Time,,,,,,,DENY,,We disagree with the commenter's request to provide a cycle-based compliance time because UPS did not provide any data to support a particular cycle-based compliance time.,True,,COST;PARTS,False
2014-09835,2010s,1,Requests for Extension of Compliance Time,12,months,24,months,12,months,DENY,0.0,We have not changed this final rule in this regard.,True,,PARTS,False
2014-09835,2010s,1,Requests for Extension of Compliance Time,,,,,,,DENY,,We disagree with the request.,True,,PARTS,False
2014-09835,2010s,1,Requests for Extension of Compliance Time,,,,,,,FULL,,We agree with the commenters' requests to revise the specified compliance time.,True,,PARTS,False
2014-09835,2010s,1,Requests for Extension of Compliance Time,,,,,,,DENY,,We have not changed this AD in this regard.,True,,PARTS,False
2014-17316,2010s,0,Request To Extend Compliance Time,2000,flight cycles,4000,flight cycles,2000,flight cycles,DENY,0.0,We have not changed this AD in this regard.,True,,,False
2014-17316,2010s,0,Request To Extend Compliance Time,12,months,24,months,12,months,DENY,0.0,We have not changed this AD in this regard.,True,,,False
2014-29174,2010s,0,Request to Extend the Compliance Time,,,"44,000",flight cycles,,,DENY,,We do not agree with the commenter's request to extend the compliance time.,True,,COST,False
2015-01257,2010s,0,Request To Extend Compliance Time,4,months,12,months,4,months,DENY,0.0,We have not changed this AD in this regard.,True,,PARTS,False
2015-01257,2010s,0,Request To Extend Compliance Time,30,days,9,months,30,days,DENY,0.0,We have not changed this AD in this regard.,True,,PARTS,False
2015-02676,2010s,0,Request To Extend the Compliance Time,30,months,36,months,30,months,DENY,0.0,We have not changed this AD in this regard.,True,,MAINT;PARTS,False
2015-09467,2010s,0,Request To Revise Compliance Time,,,24,months,24,months,FULL,,"We have changed the compliance time in paragraph (h) of this AD to read, ``Within 24 months after the effective date of this AD.''",True,,PARTS,False
2015-09467,2010s,0,Request To Revise Compliance Time,,,,,,,FULL,,"We have changed paragraph (i) of this AD to include those part numbers listed in paragraph 1.A.(4), ``Not Concerned Equipment,'' of Zodiac Service Bulletin MXH-35-240, Revision 7, dated September 1, 2011.",False,,PARTS,False
2015-12858,2010s,0,Request To Extend the Compliance Time,18,months,24,months,18,months,DENY,0.0,"This final rule provides operators with a grace period of 18 months from the effective date of this AD, which we deem adequate for acquiring the midspar fitting kits, performing the inspection, accomplishing any necessary corrective actions, and replacing the midspar fittings.",True,,COST;MAINT;PARTS,False
2015-17956,2010s,0,Requests To Extend Compliance Time,4,months,12,months,4,months,DENY,0.0,We have not changed this AD in this regard.,True,,HARMONIZE;PARTS,True
2015-17956,2010s,0,Requests To Extend Compliance Time,,,,,,,UNCLEAR,,We agree that clarification is necessary.,True,,HARMONIZE;PARTS,True
2015-19316,2010s,0,Request To Extend the Compliance Time,72,months,1,year,72,months,DENY,-0.0,"Operators that request AMOCs while their airplane is in maintenance do not have to wait for the Seattle Aircraft Certification Office (ACO) approval before they can return the airplane to service, provided the 72-month compliance time has not passed, and operators do not claim compliance credit in their maintenance records until the AMOC is received.",True,,COST;PARTS,True
2015-20959,2010s,0,Request To Extend the Compliance Time,,,6000,flight hours,5800,flight hours,PARTIAL,,"We have changed the compliance time in paragraph (g) of this AD to ``Within 5,800 flight hours or 44 months after the effective date of this AD, whichever occurs first.''",True,,MAINT;PARTS,False
2015-23117,2010s,0,Request To Change the Initial Compliance Time for the Operational Check,7,days,30,days,10,days,PARTIAL,0.13043478260869565,We have changed the initial compliance time specified in paragraph (g) of this AD for accomplishing the actions specified in figure 1 to paragraph (g) of this AD from 7 to 10 days.,True,,PARTS,False
2015-23117,2010s,0,Request To Change the Initial Compliance Time for the Operational Check,,,,,,,DENY,,We have not changed the AD in this regard.,True,,PARTS,False
2015-23120,2010s,0,Request To Change Compliance Time Intervals to Flight Cycles,,,,,,,DENY,,We have not changed this AD in this regard.,True,,,False
2015-23120,2010s,0,Request To Change Compliance Time Intervals to Flight Cycles,,,100,flight hours,,,DENY,,We disagree with the commenters' requests.,True,,,False
2015-23120,2010s,0,Request To Change Compliance Time Intervals to Flight Cycles,,,10,days,,,DENY,,We disagree with the commenters' requests.,True,,,False
2015-23121,2010s,0,Request To Extend the Proposed Compliance Time Grace Period,,,,,10,days,DENY,,we have changed the initial compliance time for accomplishing the actions specified in figure 1 to paragraph (g) of this AD to 10 days.,True,,PARTS,False
2015-27925,2010s,0,Request To Extend the Compliance Time,30,days,3,months,3,months,FULL,1.0,we have determined that a 3 month initial compliance time is appropriate for replacing the MLG upper cardan.,True,,HARMONIZE;PARTS,False
2015-27954,2010s,0,Request To Extend the Compliance Time,12,months,24,months,12,months,DENY,0.0,We do not agree to extend the compliance time to 24 months.,True,,COST;MAINT;PARTS,False
2015-28197,2010s,0,Request To Extend Compliance Time for Rudder Inspections,24,months,42,months,24,months,DENY,0.0,We have not changed this AD in this regard.,True,,COST;HARMONIZE,False
2015-28197,2010s,0,Request To Extend Compliance Time for Rudder Inspections,,,,,,,FULL,,"We agree to reference Airbus Service Bulletin A320-55-1041, Revision 01, dated February 24, 2014, as the appropriate source of service information for accomplishing the required actions.",True,,COST;HARMONIZE,False
2015-28197,2010s,0,Request To Extend Compliance Time for Rudder Inspections,,,,,,,FULL,,"We also agree to provide credit for work accomplished prior to the effective date of this AD using Airbus Service Bulletin A320-55-1041, dated November 26, 2012.",True,,COST;HARMONIZE,False
2015-28197,2010s,0,Request To Extend Compliance Time for Rudder Inspections,,,,,,,DENY,,"However, we disagree with Airbus's request to revise paragraph (h) of this AD to allow local sanding as an alternative to pulse thermography inspections for determining type, location, and size of repair.",True,,COST;HARMONIZE,False
2015-30818,2010s,0,Request To Revise Compliance Time,,,,,,,DENY,,We have not changed this final rule in this regard.,True,,,False
2015-30818,2010s,1,Request To Extend Compliance Time,,,3000,flight cycles,,,DENY,,We disagree with extending the compliance times of this AD.,True,,MAINT,False
2015-33288,2010s,0,Request To Reduce the Compliance Time for HSTA Replacement,,,,,,,DENY,,We have not changed this AD regarding this issue.,True,,PARTS,False
2016-05700,2010s,0,Request To Extend the Compliance Time,,,,,,,DENY,,We have not changed this AD in this regard.,True,,COST;PARTS,False
2016-08352,2010s,0,Request To Extend Proposed Compliance Time,12,months,30,months,12,months,DENY,0.0,We have not changed this AD in this regard.,True,,MAINT;PARTS,False
2016-13741,2010s,0,Request To Revise Compliance Time,350,flight cycles,6,months,350,flight cycles,DENY,,We have not changed this final rule in this regard.,True,,HARMONIZE,False
2016-13741,2010s,0,Request To Revise Compliance Time,,,,,,,DENY,,We do not agree with DAL's requests.,True,,HARMONIZE,False
2016-15911,2010s,0,Requests To Revise Compliance Times,,,,,,,DENY,,We do not agree to revise the compliance times required by this AD.,True,,MAINT;PARTS,False
2016-15911,2010s,0,Requests To Revise Compliance Times,24,months,30,months,24,months,DENY,0.0,We do not agree to revise the compliance times required by this AD.,True,,MAINT;PARTS,False
2016-18169,2010s,0,Requests To Extend Compliance Times,30,days,24,months,30,days,DENY,0.0,We disagree with the requests to extend the 30-day compliance time for the part number inspection.,True,,PARTS,False
2016-18169,2010s,0,Requests To Extend Compliance Times,30,days,90,days,30,days,DENY,0.0,We disagree with the requests to extend the 30-day compliance time for the part number inspection.,True,,PARTS,False
2016-20381,2010s,0,Request To Extend the Compliance Times,,,,,,,DENY,,We disagree with the request to extend the compliance time.,True,,HARMONIZE;PARTS,False
2016-22837,2010s,0,Request To Extend Compliance Time,24,months,36,months,24,months,DENY,0.0,We have determined that the proposed 24-month compliance time will ensure an acceptable level of safety and allow the actions to be done during scheduled maintenance intervals for most affected operators.,True,,MAINT,False
2016-30032,2010s,0,Request To Extend Compliance Time,5,years,,,5,years,DENY,,Airplanes affected by this AD will undergo at least one maintenance check (C-check) within the required compliance time (5 years after the effective date of this AD); the replacement can be done at that time.,True,,MAINT,False
2016-30117,2010s,0,Request To Extend Compliance Time for Reporting Requirement,30,days,60,days,60,days,FULL,1.0,"We agree to extend the compliance time for the reporting requirement in this AD to 60 days, because we have determined that this longer compliance time does not affect continued operational safety.",True,,,False
2017-03261,2010s,0,Request To Extend Proposed Compliance Time,24,months,36,months,24,months,DENY,0.0,"In light of these factors, we have determined that the 24-month initial compliance time, as proposed, is appropriate.",False,,PARTS,False
2017-05366,2010s,0,Requests To Extend Compliance Time for Part Replacement,30,days,,,,,FULL,,"We agree that additional time can be allowed for replacement of affected parts if approved by the Manager, International Branch, ANM-116, Transport Airplane Directorate, FAA; or the European Aviation Safety Agency (EASA); or Airbus's EASA Design Organization Approval (DOA).",False,,HARMONIZE;PARTS,False
2017-10256,2010s,0,Request To Extend Compliance Time,,,,,,,DENY,,We do not agree to extend the compliance time in this AD.,True,,COST,False
2017-10407,2010s,0,Request To Extend the Initial Compliance Time,3000,hours,,,3000,hours,DENY,,We have not changed the AD based on this comment.,True,,,False
2017-13409,2010s,0,Request To Extend Compliance Time,36,months,48,months,36,months,DENY,0.0,We have not changed this AD in his regard.,True,,MAINT;PARTS,True
2017-14471,2010s,0,Request To Extend Compliance Time for Replacement of Affected Software,3,months,24,months,3,months,DENY,0.0,We have not changed this AD in this regard.,True,,COST;MAINT;PARTS,False
2017-15121,2010s,0,Request To Reduce Compliance Time,40,months,20,months,40,months,DENY,-0.0,"Most ADs, including this one, permit operators to accomplish the requirements of an AD at a time earlier than the specified compliance time; therefore, an operator may choose to replace the EMA at any time within the 40-month compliance time.",True,,PARTS,False
2017-15121,2010s,1,Request To Extend Compliance Time,,,,,40,months,DENY,,"In consideration of these items, we have determined that a 40-month compliance time will ensure an acceptable level of safety and allow the replacements to be done during scheduled maintenance intervals for most affected operators.",True,,COST;MAINT;PARTS,False
2017-16779,2010s,0,Request To Extend Initial Compliance Time and Repeat Intervals,,,,,,,DENY,,We disagree with the commenters' requests.,True,,MAINT,False
2017-16779,2010s,0,Request To Extend Initial Compliance Time and Repeat Intervals,,,,,,,DENY,,We disagree with the commenters' requests.,True,,MAINT,False
2017-26363,2010s,0,Request To Extend the Compliance Time,36,months,42,months,36,months,DENY,0.0,We have determined that 36 months will ensure an acceptable level of safety and provide sufficient time to order parts and accomplish the required modification.,True,,PARTS,False
2018-01807,2010s,0,Request To Extend the Inspection Compliance Time,,,,,,,DENY,,We disagree with the commenter's request.,True,,MAINT,False
2018-02550,2010s,0,Request To Extend Compliance Time for Replacement,2,months,6,months,2,months,DENY,0.0,We have not changed this AD action based on this comment.,True,,COST;PARTS,False
2018-02550,2010s,0,Request To Extend Compliance Time for Replacement,,,,,,,FULL,,We agree with the commenter and have changed this AD action based on this comment.,True,,COST;PARTS,False
2018-04261,2010s,0,Request To Extend Compliance Time,22,months,48,months,36,months,PARTIAL,0.5384615384615384,A 36-month compliance time provides an adequate interval of time for replacing the decompression panels without compromising safety.,True,,COST;MAINT,False
2018-04261,2010s,0,Request To Extend Compliance Time,22,months,36,months,36,months,FULL,1.0,"We agree to extend the compliance time for the replacement of the decompression panels from 22 to 36 months, because the repetitive inspections will maintain an acceptable margin of safety until the redesigned decompression panels are installed.",True,,COST;MAINT,False
2018-13802,2010s,0,Request To Extend Compliance Times for Configuration 003 Airplanes,,,6,years,,,DENY,,We do not agree with the commenter's requests to extend the specified compliance times.,True,,HARMONIZE;MAINT;PARTS,False
2018-13802,2010s,0,Request To Extend Compliance Times for Configuration 003 Airplanes,,,,,,,DENY,,We do not agree with the commenter's request.,True,,HARMONIZE;MAINT;PARTS,False
2018-16320,2010s,0,Request To Extend the Compliance Times,28,months,34,months,28,months,DENY,0.0,We have not changed this AD in this regard.,True,,MAINT;PARTS,False
2018-16320,2010s,0,Request To Extend the Compliance Times,27,months,33,months,27,months,DENY,0.0,We have not changed this AD in this regard.,True,,MAINT;PARTS,False
2018-19185,2010s,0,Request To Extend the Compliance Time,6,months,18,months,6,months,DENY,0.0,We do not agree with the commenters' requests.,True,,PARTS,False
2018-21346,2010s,0,Request To Extend Compliance Time,35,months,72,months,35,months,DENY,0.0,We have not changed this AD in this regard.,True,,PARTS,False
2018-21346,2010s,0,Request To Extend Compliance Time,24,months,36,months,24,months,DENY,0.0,We have not changed this AD in this regard.,True,,PARTS,False
2018-21963,2010s,0,Request To Extend Compliance Time,18,months,36,months,18,months,DENY,0.0,We have not changed this AD in this regard.,True,,COST;HARMONIZE;MAINT;PARTS,False
2018-25003,2010s,0,Request to Extend Compliance Time,,,42,months,42,months,FULL,,We have revised paragraph (h) of the AD to specify a 42-month compliance time for the replacement.,True,,PARTS,False
2018-26532,2010s,0,Request To Extend the Compliance Time,500,flight hours,2000,flight hours,500,flight hours,DENY,0.0,We did not change this AD in this regard.,True,,,False
2018-26532,2010s,0,Request To Extend the Compliance Time,,,,,,,DENY,,We did not change this AD in this regard.,True,,,False
2018-26532,2010s,0,Request To Extend the Compliance Time,,,2000,flight hours,2000,flight hours,FULL,,"If, during a shop visit, an EEC wire bundle and clamp inspection was done as specified in Boeing Special Attention Service Bulletin 777-78-0071, Revision 2, dated July 23, 2013; or Boeing Service Bulletin 777-78-0082, dated November 9, 2011; or Boeing Service Bulletin 777-78-0082, Revision 1, dated June 15, 2015; then the next inspection can be done within 2,000 flight hours from the last inspection done in the shop.",True,,,False
2018-28077,2010s,0,Request To Extend the Compliance Time,12000,total flight cycles,20000,total flight cycles,12000,total flight cycles,DENY,,We have not changed this AD in regard to this issue.,True,,MAINT;PARTS,False
2018-28077,2010s,0,Request To Extend the Compliance Time,,,,,,,DENY,,We do not agree with the commenters' requests.,True,,MAINT;PARTS,False
2018-28077,2010s,1,Request To Revise Compliance Time Specifications,,,,,,,FULL,,"We have re-designated paragraph (h) of the proposed AD as paragraph (h)(1) in this AD, and revised the text to state that for purposes of determining compliance with the requirement of this AD, where BSASB 737-52-1170, Revision 1, uses the phrase ``the original issue date of this service bulletin'' or ``the Revision 1 date of this service bulletin'' this AD requires using ``the effective date of this AD.''",True,,,False
2019-01518,2010s,0,Request To Extend Compliance Time for Certain Airplanes,10,years,12,years,10,years,DENY,0.0,We have not made any changes to this AD in regard to these issues.,True,,MAINT,False
2019-02748,2010s,0,Request To Increase the Compliance Time,24,months,36,months,36,months,FULL,1.0,We revised paragraph (g)(1) of this AD to increase the compliance time to 36 months.,True,,PARTS,False
2019-02748,2010s,0,Request To Increase the Compliance Time,24,months,48,months,36,months,PARTIAL,0.5,We revised paragraph (g)(1) of this AD to increase the compliance time to 36 months.,True,,PARTS,False
2019-08536,2010s,0,Request To Extend the Compliance Time for Reporting,30,days,60,days,60,days,FULL,1.0,"We have revised paragraphs (i)(1) and (i)(2) of this AD to require reporting within 60 days, rather than 30 days.",True,,PARTS,False
2019-10657,2010s,0,Request To Extend the Compliance Time,24,months,,,24,months,DENY,,"Furthermore, this AD specifies the same 24-month compliance time as is required for the Model 737NGs in AD 2012-24-08, Amendment 39-17278 (77 FR 73282, December 10, 2012), which addresses the same unsafe condition identified in this AD.",True,,COST;MAINT;PARTS,False
2019-11956,2010s,0,Request To Extend Compliance Time,,,,,,,DENY,,We do not agree with the commenter's request to extend the phase-in compliance times specified in figure 1 to paragraph (j) of this AD.,True,,MAINT,False
2019-18832,2010s,0,Request To Extend Compliance Time,36,months,,,36,months,DENY,,The FAA does not agree with the commenter's request.,True,,PARTS,False
2019-20894,2010s,0,Request To Extend Compliance Time,750,flight hours,2500,flight hours,750,flight hours,DENY,0.0,This AD has not been changed in this regard.,True,,COST;MAINT,False
2019-27884,2020s,0,Request To Change Compliance Time,60,months,72,months,72,months,FULL,1.0,The FAA has determined that a 72-month compliance time is appropriate and will provide operators adequate time to prepare for and perform the required modifications without excessive disruption of operations.,True,,,False
2019-27884,2020s,0,Request To Change Compliance Time,,,5,years,,,DENY,,"The FAA agrees with the request to extend the compliance time, and disagrees with NATCA's request.",True,,,False
2019-27885,2010s,0,Request To Extend Compliance Time,12,month,,,12,months,DENY,,A compliance time of 12 months or less is required for the deactivation of other after-market body-mounted auxiliary fuel tanks on Model 727 airplanes in other ADs:,True,,PARTS,False
2019-27887,2010s,0,Request To Reduce Compliance Time,36,months,24,months,36,months,DENY,-0.0,The FAA has not changed this AD in this regard.,True,,,False
2019-27887,2010s,1,Request To Extend Compliance Time,3470,FH,9960,FH,3470,FH,DENY,,The FAA has not changed the AD in this regard.,True,,PARTS,False
2020-02198,2020s,0,Request To Extend Compliance Time,4,months,5,months,4,months,DENY,0.0,The AD has not been changed in this regard.,True,,COST;HARMONIZE;PARTS,False
2020-02512,2020s,0,Request To Change Compliance Time,60,months,72,months,72,months,FULL,1.0,The FAA has determined that a 72-month compliance time is appropriate and will provide operators adequate time to prepare for and perform the required modifications without excessive disruption of operations.,True,,COST;PARTS,False
2020-02512,2020s,0,Request To Change Compliance Time,,,5,years,72,months,DENY,,"The FAA agrees with the commenters' requests to extend the compliance time, and disagrees with NATCA's request.",True,,COST;PARTS,False
2020-03427,2020s,0,Request To Revise Compliance Time for the Inspections,24,months,36,months,24,months,DENY,0.0,The FAA does not agree with the commenters' requests to extend the compliance time for the initial and repetitive inspections.,True,,MAINT;PARTS,False
2020-03427,2020s,0,Request To Revise Compliance Time for the Inspections,1000,flight cycles,4000,flight cycles,1000,flight cycles,DENY,0.0,The FAA does not agree with the commenters' requests to extend the compliance time for the initial and repetitive inspections.,True,,MAINT;PARTS,False
2020-03427,2020s,0,Request To Revise Compliance Time for the Inspections,24,months,36,months,24,months,DENY,0.0,The FAA does not agree with the commenters' requests to extend the compliance time for the initial and repetitive inspections.,True,,MAINT;PARTS,False
2020-03427,2020s,0,Request To Revise Compliance Time for the Inspections,24,months,,,24,months,DENY,,The FAA does not agree to define the compliance thresholds based on total flight cycles.,True,,MAINT;PARTS,False
2020-08201,2020s,0,Request To Extend Compliance Time,108,months,120,months,108,months,DENY,0.0,The FAA has determined that the 108-month compliance time in EASA AD 2019-0196 addresses the identified unsafe condition in a timely manner.,False,,COST;HARMONIZE;MAINT,False
2020-13126,2020s,0,Request To Extend Compliance Time,120,days,180,days,120,days,DENY,0.0,The FAA did not change this AD.,True,,,False
2020-21996,2020s,0,Request To Change Compliance Time,,,72,months,72,months,FULL,,The FAA has determined that a 72-month compliance time is appropriate and will provide operators adequate time to prepare for and perform the required modifications without excessive disruption of operations.,True,,,False
2020-21996,2020s,0,Request To Change Compliance Time,,,5,years,72,months,DENY,,The FAA disagrees with NATCA's request.,False,,,False
2020-21997,2020s,0,Request To Change Compliance Time,,,72,months,72,months,FULL,,The FAA has determined that a 72-month compliance time is appropriate and will provide operators adequate time to prepare for and perform the required modifications without excessive disruption of operations.,True,,,False
2020-21997,2020s,0,Request To Change Compliance Time,,,5,years,72,months,DENY,,"The FAA agrees with the commenters' requests to extend the compliance time, and disagrees with NATCA's request.",True,,,False
2021-03592,2020s,0,Request To Extend Compliance Time,,,24,months,,,DENY,,The FAA does not agree to provide a 24-month compliance time for the repair.,True,,MAINT,False
2021-05534,2020s,0,Request To Extend Compliance Time for Parked Airplanes,,,,,,,DENY,,the FAA does not agree with the request to provide a compliance time extension for parked airplanes.,True,,,False
2021-06979,2020s,0,Extension of Compliance Time,6,months,12,months,6,months,DENY,0.0,The FAA disagrees with changing the compliance time to inspect an affected buckle handle for a crack from 6 months to 12 months based on a potential lack of sufficient replacement parts.,True,,PARTS,False
2021-08849,2020s,0,Request To Extend the Compliance Time for the Reporting Requirement,3,days,30,days,10,days,DENY,0.25925925925925924,the FAA does not agree to extend the reporting requirement to 30 days.,False,,COST,False
2021-08849,2020s,0,Request To Extend the Compliance Time for the Reporting Requirement,3,days,30,days,10,days,DENY,0.25925925925925924,the FAA does not agree to extend the reporting requirement to 30 days.,False,,COST,False
2021-08849,2020s,0,Request To Extend the Compliance Time for the Reporting Requirement,3,days,10,days,10,days,FULL,1.0,"the FAA agrees to extend the reporting requirements in paragraphs (h) and (k) of this AD to 10 days, which would reduce the reporting burden on operators and would provide an acceptable level of safety.",True,,COST,False
2021-08849,2020s,0,Request To Extend the Compliance Time for the Reporting Requirement,3,days,7,days,10,days,PARTIAL,1.75,"the FAA agrees to extend the reporting requirements in paragraphs (h) and (k) of this AD to 10 days, which would reduce the reporting burden on operators and would provide an acceptable level of safety.",True,,COST,False
2021-08849,2020s,0,Request To Extend the Compliance Time for the Reporting Requirement,3,days,10,days,10,days,FULL,1.0,"the FAA agrees to extend the reporting requirements in paragraphs (h) and (k) of this AD to 10 days, which would reduce the reporting burden on operators and would provide an acceptable level of safety.",True,,COST,False
2021-12436,2020s,0,Request To Extend the Compliance Time,12,months,,,36,months,FULL,,The FAA has revised the initial compliance time in paragraph (g)(13) of this AD from 12 months to 36 months.,True,,COST;PARTS,False
2021-15029,2020s,0,Request To Revise Compliance Time,1125,day,,,1125,day,DENY,,This AD has not been changed in this regard.,True,,MAINT,False
2022-04146,2020s,0,Request To Revise Compliance Time for Parts,,,,,60,day,DENY,,The 60-day compliance time applies to parts already installed on an aircraft.,False,,PARTS,False
2022-04146,2020s,0,Request To Revise Compliance Time for Parts,,,,,,,DENY,,The FAA disagrees with the request.,True,,PARTS,False
2022-04146,2020s,1,Request To Revise Compliance Time for Parts Identification,,,,,,,DENY,,The FAA disagrees with the request to extend the compliance time.,True,,MAINT;PARTS,False
2022-04662,2020s,0,Request To Extend Compliance Time,180,days,240,days,180,days,DENY,0.0,Paragraph (g) requires incorporation of the service information into the maintenance or inspection program within 180 days after the effective date of this AD.,True,,,False
2022-12818,2020s,0,Request To Extend Compliance Time,,,,,,,DENY,,The FAA does not agree with the commenter's request to extend the compliance time threshold and interval for the inspections.,True,,MAINT;PARTS,False
2022-20773,2020s,0,Request To Extend Compliance Time,,,,,,,DENY,,The FAA disagrees with the request to revise the compliance time.,True,,COST;MAINT;PARTS,False
2022-26079,2020s,0,Request To Extend Compliance Time,30,months,,,30,months,DENY,,"The FAA disagrees with the request to change the compliance time of 30 months to accomplish Boeing Alert Requirements Bulletin 777-28A0090 RB, dated March 30, 2021.",True,,PARTS,False
2022-26357,2020s,0,Requests To Extend Compliance Time,12,months,24,months,12,months,DENY,0.0,"the 12-month grace period, as proposed, will provide an adequate level of safety.",True,,HARMONIZE;PARTS,False
2023-04955,2020s,0,Request To Revise Compliance Time,,,8,months,,,DENY,,The FAA has not changed this AD in response to this comment.,True,,COST;HARMONIZE;NOFAIL,False
2023-11914,2020s,0,Request To Extend Compliance Time and Threshold,90,days,,,90,days,DENY,,"or within 90 days after the effective date of this AD, whichever occurs later.",True,,COST;HARMONIZE;PARTS,True
2023-13151,2020s,0,Request To Extend Compliance Time,,,30,days,,,DENY,,"Therefore, the FAA will not be able to extend the June 30, 2023, date.",True,,,False
2023-13152,2020s,0,Request To Extend Compliance Time,,,30,days,,,DENY,,"Therefore, the FAA will not be able to extend the June 30, 2023, date.",True,,,False
2023-13153,2020s,0,Request To Extend Compliance Time,,,30,days,,,DENY,,"Therefore, the FAA will not be able to extend the June 30, 2023, date.",True,,,False
2023-13154,2020s,0,Request To Extend Compliance Time,,,,,,,DENY,,"Therefore, the FAA will not be able to extend the compliance date beyond June 30, 2023.",True,,,False
2023-13155,2020s,0,Request To Extend Compliance Time,,,30,days,,,DENY,,"Therefore, the FAA will not be able to extend the June 30, 2023, date.",True,,,False
2023-13156,2020s,0,Request To Extend Compliance Time,,,30,days,,,DENY,,"Therefore, the FAA will not be able to extend the June 30, 2023, date.",True,,,False
2023-13319,2020s,0,Request To Extend Compliance Time,,,,,,,DENY,,"Therefore, the FAA will not be able to extend the June 30, 2023, date.",True,,,False
2023-20503,2020s,0,Request To Revise Certain Compliance Times,600,flight cycles,,,600,flight cycles,DENY,,This AD was not changed regarding this issue.,True,,COST,False
2023-28855,2020s,0,Request To Extend the Compliance Time to One Year,,months,,year,6,months,DENY,,The FAA has determined that accomplishing the re-torquing of each free-standing attendant seat track fitting nut within 6 months after the effective date of this AD is necessary to address the identified unsafe condition.,True,,COST,False
2024-01970,2020s,0,Request To Extend Compliance Time,12,months,,,12,months,DENY,,"The FAA disagrees, however, to revise the compliance time because the replacement requirement is limited to force limiter assemblies P/N 253W1263-1 only on airplane line numbers 1531 through 1707 and on airplanes on which the original force limiter assembly had been replaced.",True,,PARTS,False
2024-05497,2020s,0,Request To Extend Compliance Time,,,48,months,36,month,DENY,,"In consideration of these items, the FAA has determined that a 36 month compliance time will ensure an acceptable level of safety.",True,,COST;PARTS,False
2024-06995,2020s,0,Request To Extend Compliance Time,,,,,,,DENY,,The FAA does not agree.,True,,COST,False
2024-08539,2020s,0,Request To Extend the Compliance Time,9,months,12,months,12,months,FULL,1.0,"The FAA agrees with the commenter's request to extend the compliance time from 9 months to 12 months and revised paragraph (h)(1) of this AD to specify ``Within 200 hours time-in-service (TIS) or 12 months after the effective date of this AD, whichever occurs first . . . ''",False,,COST;PARTS,False
2024-08539,2020s,0,Request To Extend the Compliance Time,200,hours time-in-service (TIS),200,flight hours,200,hours time-in-service (TIS),DENY,,The FAA does not agree to change ``Within 200 hours time-in-service (TIS) . . . .'' to ``Within 200 flight hours . . . .'',True,,COST;PARTS,False
2024-09338,2020s,0,Request To Extend Compliance Time,,,3000,flight cycles,,,DENY,,The FAA does not agree to change the compliance time.,True,,COST;MAINT,False
2024-09354,2020s,0,Request To Extend Compliance Time,,,90,day,30,day,PARTIAL,,"However, the FAA has determined that a 30-day grace period is appropriate and will not adversely affect safety.",True,,,False
2024-13014,2020s,0,Request To Extend the Compliance Time for Passenger Airplanes,,,,,5425,flight hours,DENY,,The FAA does not agree to extend the compliance time for passenger‑carrying airplanes.,False,,MAINT;PARTS,False
2024-13014,2020s,0,Request To Extend the Compliance Time for Passenger Airplanes,,,,,5425,flight hours,DENY,,The FAA does not agree to extend the compliance time for passenger‑carrying airplanes.,False,,MAINT;PARTS,False
2024-13014,2020s,0,Request To Extend the Compliance Time for Passenger Airplanes,,,9000,flight hours,5425,flight hours,DENY,,The FAA does not agree to extend the compliance time for passenger‑carrying airplanes.,False,,MAINT;PARTS,False
2024-13014,2020s,1,Request To Extend the Compliance Time for Certain Cargo Airplanes,16,months,36,months,36,months,FULL,1.0,"The FAA agrees to extend the compliance time to within 9,000 flight hours or 36 months after the effective date of this AD, whichever occurs first, for Boeing Model 757-200PF airplanes only.",True,,MAINT;PARTS,False
2024-13014,2020s,1,Request To Extend the Compliance Time for Certain Cargo Airplanes,16,months,48,months,36,months,PARTIAL,0.625,"The FAA does not agree to extend the initial compliance time to 48 months for cargo/freight airplanes, but the FAA agrees to extend the compliance time to 36 months.",True,,MAINT;PARTS,False
2024-18625,2020s,0,Request To Extend Compliance Time for Inspection,10,consecutive calendar days,125,days,10,consecutive calendar days,DENY,,The FAA disagrees with the request for a longer compliance time.,True,,,False
2024-21799,2020s,0,Request To Extend Compliance Time for Replacement of Affected FCUs,25,months,32,months,25,months,DENY,0.0,The FAA does not agree to extend the compliance time for replacing the affected FCUs.,True,,COST;HARMONIZE;MAINT;PARTS,False
2024-23113,2020s,0,Request To Extend the Compliance Time,,,,,,,DENY,,The FAA disagrees with the request.,True,,COST;PARTS,False
2024-23114,2020s,0,Request To Extend the Compliance Time,,,,,,,DENY,,The FAA has not changed this AD in response to this request.,True,,COST;PARTS,False
2024-28780,2020s,0,Request To Revise the Compliance Time of the Reporting Requirement,30,days,,,90,days,UNCLEAR,,The FAA has revised the compliance time of paragraph (i) of this AD to 90 days accordingly.,True,,COST,False
2025-00371,2020s,0,Request To Extend Compliance Time Due to Parts Availability,30,months,36,months,30,months,DENY,0.0,"In consideration of these items, the FAA has determined that the compliance time of 30 months or 2,760 flight hours after the effective date of this AD, whichever occurs first, will ensure an acceptable level of safety.",True,,COST;MAINT;PARTS,False
2025-02395,2020s,0,Requests To Extend Compliance Time for Certain Airplanes,30,days,,,30,days,DENY,,The FAA does not agree with the requests.,True,,COST,False
2025-02395,2020s,0,Requests To Extend Compliance Time for Certain Airplanes,,,,,,,DENY,,The FAA has not changed this AD in response to this request.,True,,COST,False
2025-02400,2020s,0,Request for Extension of Compliance Times,"50,000",flight cycles,"60,000",flight cycles,"50,000",flight cycles,DENY,,The FAA has not changed this AD as a result of this comment.,True,,COST,False
2025-02645,2020s,0,Request To Extend Compliance Time for Certain Tasks,,,,,,,DENY,,The FAA has not revised this AD in this regard.,True,,COST;PARTS,False
2025-03395,2020s,0,Request To Change AWL Compliance Time,,,,,"December 31, 2029",,DENY,,"Operators have until December 31, 2029, to incorporate solutions to address potential maintenance errors as specified in AWL No.4.",True,,,False
2025-03395,2020s,0,Request To Change AWL Compliance Time,,,,,,,DENY,,The FAA disagrees with the commenter's request.,True,,,False
2025-03396,2020s,0,Request To Change AWL Compliance Time,,,,,,,DENY,,"Operators have until December 31, 2029, to incorporate solutions to address potential maintenance errors as specified in AWL No. 4 and clarified in this AD.",True,,,False
2025-03401,2020s,0,Request To Change AWL Compliance Time,,,,"December 31, 2024",,,DENY,,The FAA disagrees with the commenter's request.,True,,,False
2025-04334,2020s,0,Request To Revise Initial Compliance Time,5500,flight cycles,5400,flight cycles,5500,flight cycles,DENY,-0.0,The FAA does not agree to change this compliance time.,True,,HARMONIZE;PARTS,False
2025-05295,2020s,0,Request To Extend Compliance Time,,,36,months,32,months,DENY,,"In consideration of these items, the FAA has determined that a 32 month compliance time will ensure an acceptable level of safety.",True,,COST;MAINT;PARTS,False
2025-15688,2020s,0,Request To Extend Compliance Time,12,month,,,12,month,DENY,,The FAA did not make any changes to this final rule as a result of this comment.,True,,PARTS,True
2025-17984,2020s,0,Request To Extend the Compliance Time,,,48,months,,,DENY,,The FAA does not agree to extend the compliance time to 48 months.,True,,COST;MAINT;PARTS,False
2025-17984,2020s,0,Request To Extend the Compliance Time,,,36,months,36,months,FULL,,"The FAA agrees to extend the compliance time to 36 months and has revised paragraphs (h)(1), (2), and (3) of this AD accordingly.",True,,COST;MAINT;PARTS,False
2025-19390,2020s,0,Request To Extend the Inspection Compliance Time,,,3,months,,,DENY,,The FAA disagrees with commenter's request.,True,,,False
2026-10486,2020s,0,Request To Extend the Compliance Times,10000,total flight cycles,11400,total flight cycles,10000,total flight cycles,DENY,,The FAA disagrees with extending the compliance time for performing the inspection to determine if serviceable fasteners are installed.,True,,,False
96-11824,1990s,0,Request to Extend Compliance Time,12,months,18,months,15,months,PARTIAL,0.5,Paragraph (a) of the final rule has been revised to reflect a compliance time of 15 months.,True,,COST;MAINT,False
96-12147,1990s,0,Request for Extension of Compliance Time for Initial Inspection,1000,landings,1200,landings,1000,landings,DENY,0.0,"In light of all these factors, the FAA finds the 1,000 landing “grace period” for initiating the required inspections to be warranted, in that it represents an appropriate interval of time allowable for affected airplanes to continue to operate without compromising safety.",False,,,False
96-12600,1990s,0,Requests to Extend the Compliance Time,24,months,36,months,24,months,DENY,0.0,the FAA has determined that air safety and the public interest require the adoption of the rule as proposed.,True,,MAINT;PARTS,False
96-13231,1990s,0,Request to Extend the Compliance Time,3000,landings,4000,landings,3000,landings,DENY,0.0,"the FAA has determined that a ``grace period'' of 3,000 landings, as proposed, is appropriate.",True,,MAINT;PARTS,False
96-13609,1990s,0,Request To Extend Compliance Time,24,months,36,months,24,months,DENY,0.0,The FAA does not concur.,True,,MAINT,False
96-14382,1990s,0,Request to Extend Proposed Compliance Time for Installation,11000,flight cycles,16000,flight cycles,11000,flight cycles,DENY,0.0,"The FAA determined that 11,000 flight cycles is the maximum acceptable threshold for accomplishing the installation without the need for additional inspections.",True,,COST,False
96-14382,1990s,0,Request to Extend Proposed Compliance Time for Installation,500,flight cycles,2200,flight cycles,1200,flight cycles,PARTIAL,0.4117647058823529,"The FAA has determined that the proposed ``grace period'' of 500 flight cycles may be extended to 1,200 flight cycles, without the need for repetitive inspections beyond the inspection specified in paragraph (b) of the final rule.",True,,COST,False
96-15498,1990s,0,Request To Extend the Compliance Time,6,months,1,year,6,months,DENY,0.0,"Further, the proposed compliance time of 6 months was arrived at with the previous concurrence of affected operators, manufacturers, and the FAA.",True,,COST,False
96-16242,1990s,0,Request To Extend Compliance Time,180,days,360,days,180,days,DENY,0.0,The FAA cannot find that the incorporation of information required by this AD within the 180-day time period would be an undue burden on any operator.,True,,COST,False
96-16652,1990s,0,Request To Extend Compliance Time,6,months,12,months,6,months,DENY,0.0,The FAA has found that an ample number of modification parts will be available to accommodate the affected fleet within the 6-month compliance period.,True,,COST;MAINT;PARTS,False
96-16951,1990s,0,Request To Extend the Compliance Time for Replacement,,,24,months,24,months,FULL,,"Based on these factors, the FAA has determined that a large enough margin of safety exists so that replacement of the suspect bolts may be accomplished within 24 months after the effective date of this AD, regardless of when the inspection (or records search) is performed.",True,,,False
96-187,1990s,0,Requests for Extension of the Compliance Time,12,months,12,months,24,months,FULL,,"Accordingly, paragraphs (a) and (b) of the final rule have been revised to specify a compliance time of 24 months.",True,,MAINT;PARTS,False
96-19523,1990s,0,Request to Extend the Compliance Time,8,months,12,months,8,months,DENY,0.0,"In light of these factors, the FAA finds that a compliance time of 8 months is appropriate and should fall during a time of scheduled maintenance for the majority of affected operators.",True,,COST;HARMONIZE;MAINT,False
96-22009,1990s,0,Request To Extend Compliance Time,12,months,18,months,12,months,DENY,0.0,"Based on information received from the manufacturer relative to parts availability and vendor turnaround time, the FAA considers that the 12-month compliance time is adequate if operators make reasonable efforts to meet this schedule.",True,,COST;MAINT;PARTS,False
96-22009,1990s,0,Request To Extend Compliance Time,12,months,20,months,12,months,DENY,0.0,"Based on information received from the manufacturer relative to parts availability and vendor turnaround time, the FAA considers that the 12-month compliance time is adequate if operators make reasonable efforts to meet this schedule.",True,,COST;MAINT;PARTS,False
96-22918,1990s,0,Request To Extend Initial Compliance Time for Model MD-11's,18,months,72,months,18,months,DENY,0.0,"In consideration of all of these factors, the FAA has determined that the compliance time, as proposed, is not only appropriate, but warranted.",True,,COST;MAINT;PARTS,False
96-23243,1990s,0,Request to Extend Compliance Time for Inspection,12,months,18,months,12,months,DENY,0.0,"In consideration of these factors, the FAA determined that the compliance time, as proposed, represents an appropriate interval in which the inspection can be accomplished in a timely manner within the fleet and an adequate level of safety can still be maintained.",True,,PARTS,False
96-23243,1990s,0,Request to Extend Compliance Time for Inspection,1500,landings,3000,landings,1500,landings,DENY,0.0,"In consideration of these factors, the FAA determined that the compliance time, as proposed, represents an appropriate interval in which the inspection can be accomplished in a timely manner within the fleet and an adequate level of safety can still be maintained.",True,,PARTS,False
96-23712,1990s,0,Request To Extend the Compliance Time,15000,total flight cycles,16000,flight cycles,15000,total flight cycles,DENY,,"the FAA finds that a compliance time of 15,000 total flight cycles (or within 1 year after the effective date of this date) is appropriate",True,,COST;HARMONIZE;MAINT,False
96-23714,1990s,0,Request for Extension of Compliance Time,6,months,12,months,6,months,DENY,0.0,"In light of all of these items, the FAA finds that 6 months is the appropriate period of time that affected airplanes can be permitted to continue to operate without compromising safety.",True,,MAINT;PARTS,False
96-24650,1990s,0,Requests To Extend Compliance Time,1000,flight hour,3000,flight hours,3000,flight hours,FULL,1.0,"The final rule has been revised to specify that the repetitive tests must be performed at intervals of 3,000 flight hours or 6 months, whichever occurs first.",True,,COST;MAINT,False
96-24650,1990s,0,Requests To Extend Compliance Time,,,15,months,6,months,PARTIAL,,"The final rule has been revised to specify that the repetitive tests must be performed at intervals of 3,000 flight hours or 6 months, whichever occurs first.",True,,COST;MAINT,False
96-27645,1990s,0,Request To Extend Compliance Time,3000,flight hours,24,months,24,months,FULL,,"The FAA has determined that extending the compliance time from the proposed 3,000 flight hours to 24 months will provide an acceptable level of safety without the need for interim inspections (as suggested by one of the commenters).",True,,PARTS,False
96-28688,1990s,0,Requests To Extend the Compliance Time,15,months,18,months,18,months,FULL,1.0,The FAA concurs that the compliance time may be extended to 18 months.,True,,COST;PARTS,False
96-28688,1990s,1,Request To Shorten the Compliance Time,15,months,6,months,15,months,DENY,-0.0,"In light of all of these factors, the FAA has determined that a reduction of the compliance time is not warranted.",True,,PARTS,False
96-32048,1990s,0,Request to Extend the Compliance Time for Slat Adjustment,500,hours,3000,hours,500,hours,DENY,,"Paragraph (a)(2) of the AD requires the proper adjustment of the stop clearance within 500 flight hours after the initial inspection if that inspection reveals that some clearance exists, but not the correct clearance; the inspection is then to be repeated thereafter at intervals of 6,000 hours time-in-service.",True,,,False
96-32053,1990s,0,Request to Extend the Initial Inspection Compliance Time,6,months,12,months,6,months,DENY,0.0,finds no basis to extend the 6-month compliance time.,True,,PARTS,False
96-32053,1990s,0,Request to Extend the Initial Inspection Compliance Time,6,months,12,months,6,months,DENY,0.0,"As for the commenter's request to extend the compliance time to extend the compliance time of the initial and repetitive inspections, the FAA does not concur.",True,,PARTS,False
96-32053,1990s,0,Request to Extend the Initial Inspection Compliance Time,,,12,months,,,DENY,,"As for the commenter's request to extend the compliance time to extend the compliance time of the initial and repetitive inspections, the FAA does not concur.",True,,PARTS,False
96-32053,1990s,0,Request to Extend the Initial Inspection Compliance Time,,,2,years,,,DENY,,The FAA does not concur with this request.,True,,PARTS,False
96-3613,1990s,0,Request To Extend Compliance Time,,,,,,,DENY,,The FAA does not concur with this commenter's request.,True,,MAINT,False
96-7959,1990s,0,Requests To Extend the Compliance Time for Modification,4,years,6,years,4,years,DENY,0.0,"In light of all of these items, as well as discussions with the manufacturer, the FAA finds that 4 years provides an acceptable level of safety, and provides sufficient time to produce the modification as well as install it on the affected fleet during regular maintenance intervals.",True,,COST;MAINT,False
97-11200,1990s,0,Requests To Extend Compliance Time,18,months,5,years,5,years,FULL,1.0,"In light of the information presented by the commenters, the FAA finds that extending the compliance time to within five years or 15,000 flight hours after the effective date of the AD, or at the next time the PCU is sent to a repair facility (whichever of these times occurs first), will not adversely affect safety.",True,,MAINT;PARTS,False
97-11200,1990s,0,Requests To Extend Compliance Time,18,months,,,,,FULL,,"In light of the information presented by the commenters, the FAA finds that extending the compliance time to within five years or 15,000 flight hours after the effective date of the AD, or at the next time the PCU is sent to a repair facility (whichever of these times occurs first), will not adversely affect safety.",True,,MAINT;PARTS,False
97-11200,1990s,0,Requests To Extend Compliance Time,18,months,5,years,5,years,FULL,1.0,"In light of the information presented by the commenters, the FAA finds that extending the compliance time to within five years or 15,000 flight hours after the effective date of the AD, or at the next time the PCU is sent to a repair facility (whichever of these times occurs first), will not adversely affect safety.",True,,MAINT;PARTS,False
97-1437,1990s,0,Request to Extend Compliance Time for Replacement of Pistons,5000,landings,10500,landings,5000,landings,DENY,0.0,"The FAA has determined that the 5,000-landing compliance time for accomplishing the replacement of pistons (or the installation of doublers) is both appropriate and warranted.",True,,MAINT;PARTS,False
97-1437,1990s,0,Request to Extend Compliance Time for Replacement of Pistons,,,3000,flight hours or flight cycles,,,DENY,,The FAA does not concur.,True,,MAINT;PARTS,False
97-1478,1990s,0,Request To Extend Compliance Time,3200,flight hours,4600,flight hours,3200,flight hours,DENY,0.0,The FAA does not concur.,True,,MAINT;PARTS,False
97-1617,1990s,0,Request to Extend Compliance Time,6,months,24,months,18,months,PARTIAL,0.6666666666666666,"In light of this information, the FAA has determined that the compliance time can be extended to 18 months without adversely compromising safety.",True,,PARTS,False
97-2222,1990s,0,Request To Extend Compliance Time for Certain Airplanes,24,months,48,months,4,years,FULL,1.0277777777777777,the FAA finds that the risk of additional cracking is reduced and accomplishment of the terminating action may be extended for an additional 2 years (for a total of 4 years) without adversely affecting safety.,True,,COST,False
97-2675,1990s,0,Request To Extend Compliance Time,18,months,4,years,18,months,DENY,0.0,The FAA considers that an 18-month compliance time is appropriate and will provide an acceptable level of safety.,True,,COST;MAINT,False
97-2854,1990s,0,Request To Extend Compliance Time for Initial Inspection,120,days,9,months,120,days,DENY,0.0,"The FAA has determined that the 120-day compliance time for accomplishing the initial inspection is not only appropriate, but warranted.",True,,MAINT;PARTS,False
97-2854,1990s,0,Request To Extend Compliance Time for Initial Inspection,120,days,,,120,days,DENY,,"The FAA has determined that the 120-day compliance time for accomplishing the initial inspection is not only appropriate, but warranted.",True,,MAINT;PARTS,False
97-2854,1990s,0,Request To Extend Compliance Time for Initial Inspection,120,days,,,120,days,DENY,,"The FAA has determined that the 120-day compliance time for accomplishing the initial inspection is not only appropriate, but warranted.",True,,MAINT;PARTS,False
97-29823,1990s,0,Request To Extend the Compliance Time,6,months,12,months,6,months,DENY,0.0,"the manufacturer has advised that it has shipped replacement units to all affected operators and can provide sufficient units to enable operators to comply within 6 months, and that it is supplying the labor for accomplishment of the replacement.",True,,COST;MAINT;PARTS,False
97-31029,1990s,0,Requests To Extend the Compliance Time,13500,total landings,16000,total landings,13500,total landings,DENY,,"The FAA also has consulted with the manufacturer and RLD and determined that 13,500 flight cycles represents the maximum number of flight cycles allowable for the affected airplanes to continue to operate prior to accomplishing the required inspections and modification without compromising safety.",True,,HARMONIZE;MAINT;PARTS,False
97-32590,1990s,0,Request To Extend the Compliance Time for Operational Tests,250,hours time-in-service,800,hours time-in-service,,,UNCLEAR,,"As explained previously, the FAA has removed the requirement for operational tests from the final rule; however, this final rule is considered to be interim action.",True,,,False
97-32590,1990s,1,Request To Extend the Compliance Times for Inspections for Galling,3000,hours,18,months,18,months,FULL,,"The FAA concurs with the commenters' request to revise the compliance time to 18 months or 4,500 hours time-in-service (whichever occurs later) since the last inspection.",True,,MAINT;PARTS,True
97-32590,1990s,1,Request To Extend the Compliance Times for Inspections for Galling,3,years,4,years,3,years,DENY,0.0,The FAA does not concur that the compliance time should be revised.,True,,MAINT;PARTS,True
97-3844,1990s,0,Request To Extend Compliance Time,120,days,3,years,12,months,PARTIAL,0.24615384615384617,"Based on the information provided by Honeywell, and in consideration of the number of airplanes that will be affected by the requirement to install the new switches, the FAA has determined that the compliance time can be extended to 12 months.",True,,COST;PARTS,False
97-4199,1990s,0,Request to Extend Proposed Compliance Time,12,months,,,12,months,DENY,,"In light of this explanation, the FAA does not consider that any change to the compliance times, based on the commenters request, is necessary.",True,,PARTS,False
97-4199,1990s,0,Request to Extend Proposed Compliance Time,30,months,,,30,months,DENY,,"In light of this explanation, the FAA does not consider that any change to the compliance times, based on the commenters request, is necessary.",True,,PARTS,False
97-4555,1990s,0,Request to Extend Initial Compliance Time,12,months,18,months,12,months,DENY,0.0,"In light of these factors, the FAA has determined that the 12-month initial compliance time, as proposed, is appropriate.",True,,MAINT;PARTS,False
97-5158,1990s,0,Request To Extend Compliance Time for Replacing Flow Restrictors,18,months,5,years,5,years,FULL,1.0,"compliance time can be extended to five years or 15,000 flight hours (whichever occurs first)",True,,HARMONIZE;MAINT;PARTS,False
97-5158,1990s,0,Request To Extend Compliance Time for Replacing Flow Restrictors,18,months,24,months,5,years,FULL,7.138888888888889,"compliance time can be extended to five years or 15,000 flight hours (whichever occurs first)",True,,HARMONIZE;MAINT;PARTS,False
97-5158,1990s,0,Request To Extend Compliance Time for Replacing Flow Restrictors,18,months,4,years,5,years,FULL,1.3967391304347827,"compliance time can be extended to five years or 15,000 flight hours (whichever occurs first)",True,,HARMONIZE;MAINT;PARTS,False
97-5158,1990s,0,Request To Extend Compliance Time for Replacing Flow Restrictors,18,months,60,months,5,years,FULL,1.0198412698412698,"compliance time can be extended to five years or 15,000 flight hours (whichever occurs first)",True,,HARMONIZE;MAINT;PARTS,False
97-5158,1990s,0,Request To Extend Compliance Time for Replacing Flow Restrictors,18,months,5,years,5,years,FULL,1.0,"compliance time can be extended to five years or 15,000 flight hours (whichever occurs first)",True,,HARMONIZE;MAINT;PARTS,False
97-5158,1990s,0,Request To Extend Compliance Time for Replacing Flow Restrictors,,,2,years,,,DENY,,The FAA does not concur.,True,,HARMONIZE;MAINT;PARTS,False
97-8424,1990s,0,Request to Extend Compliance Time,24,months,36,months,24,months,DENY,0.0,"In consideration of these items, the FAA has determined that 24 months represents an appropriate interval of time allowable in which the modifications can be accomplished during scheduled maintenance intervals for the majority of affected operators, and an acceptable level of safety can be maintained.",True,,MAINT;PARTS,False
97-9009,1990s,0,Request to Extend the Compliance Time,4,years,6,years,6,years,FULL,1.0,"the Direction Generale de l'Aviation Civile (DGAC), which is the airworthiness authority for France, has already issued French airworthiness directive (CN) 96-009-074(B)R1, which provides for a compliance time of 6 years for modification of the fuselage frames addressed in Airbus Service Bulletin A320-53-1110.",True,,COST;HARMONIZE,False
98-11071,1990s,0,Request for Extension of Compliance Time,12,months,24,months,24,months,FULL,1.0,Paragraph (a) of this final rule has been revised to specify a compliance time of 24 months.,True,,,False
98-11562,1990s,0,Request To Extend the Compliance Time,6,months,12,months,12,months,FULL,1.0,Paragraph (a) of the final rule has been revised to specify a compliance time of 12 months.,True,,COST,False
98-13077,1990s,0,Revise Compliance Time To Assess Future Repairs and Modifications,12,months,12,months,12,months,DENY,,Requiring an assessment within 12 months after installation of the repair or modification provides sufficient time and ensures that the inspection program accurately reflects the actual airplane structure.,True,,,False
98-13078,1990s,0,Revise Compliance Time to Assess Future Repairs and Modifications,12,months,12,months,12,months,DENY,,Requiring an assessment within 12 months after installation of the repair or modification provides sufficient time and ensures that the inspection program accurately reflects the actual airplane structure.,True,,,False
98-18768,1990s,0,Request to Extend Compliance Time,450,flight hours,460,flight hours,450,flight hours,DENY,0.0,The FAA does not concur.,True,,PARTS,False
98-18768,1990s,0,Request to Extend Compliance Time,900,flight hours,920,flight hours,900,flight hours,DENY,0.0,The FAA does not concur.,True,,PARTS,False
98-207,1990s,0,Request to Extend Compliance Time for Installation of Greasing Nipple,15,months,18,months,15,months,DENY,0.0,"the proposed compliance time of 15 months was arrived with operator, manufacturer, Direction Generale de l'Aviation Civile (DGAC) (the airworthiness authority for France), and FAA concurrence.",True,,HARMONIZE;PARTS,False
98-24059,1990s,0,Request for Extension of the Compliance Time,,,36,months,48,months,FULL,,"Paragraph (a) of the final rule has been revised to require accomplishment of the required actions ``at the next scheduled heavy maintenance check (i.e., a ``4C'' check) or within 48 months after the effective date of the AD, whichever occurs first.''",True,,COST;MAINT,False
98-24059,1990s,0,Request for Extension of the Compliance Time,,,48,months,48,months,FULL,,"Paragraph (a) of the final rule has been revised to require accomplishment of the required actions ``at the next scheduled heavy maintenance check (i.e., a ``4C'' check) or within 48 months after the effective date of the AD, whichever occurs first.''",True,,COST;MAINT,False
98-24059,1990s,0,Request for Extension of the Compliance Time,,,72,months,48,months,PARTIAL,,"Paragraph (a) of the final rule has been revised to require accomplishment of the required actions ``at the next scheduled heavy maintenance check (i.e., a ``4C'' check) or within 48 months after the effective date of the AD, whichever occurs first.''",True,,COST;MAINT,False
98-24868,1990s,0,Request To Extend Compliance Time,18,months,24,months,18,months,DENY,0.0,The FAA does not concur with these requests to extend the compliance time.,True,,MAINT;PARTS,False
98-24868,1990s,1,Request To Shorten Compliance Time,18,month,6,months,18,month,DENY,-0.0,The FAA does not concur with the commenter's request to reduce the compliance time.,True,,PARTS,False
98-25952,1990s,0,Request To Extend the Compliance Time,10,months,2,years,14,months,PARTIAL,0.27906976744186046,Paragraphs (a) and (b) of the final rule have been revised to specify a compliance time of 14 months.,True,,PARTS,False
98-25972,1990s,0,Request To Extend Compliance Time,,,18,months,36,months,FULL,,The FAA has revised paragraph (a) of the final rule to extend the compliance time to 36 months for accomplishment of the modification.,True,,MAINT,False
98-27459,1990s,0,Request To Extend Compliance Time of Visual Inspection,12,months,24,months,18,months,PARTIAL,0.5,"Based on the information supplied by the commenters, the FAA now recognizes that 18 months corresponds more closely to the interval representative of most of the affected operators' normal maintenance schedules.",True,,MAINT,False
98-27459,1990s,0,Request To Extend Compliance Time of Visual Inspection,12,months,15,months,18,months,FULL,2.0,"Based on the information supplied by the commenters, the FAA now recognizes that 18 months corresponds more closely to the interval representative of most of the affected operators' normal maintenance schedules.",True,,MAINT,False
98-27882,1990s,0,Request To Extend Compliance Time,24,months,30,months,24,months,DENY,0.0,"Therefore, in consideration of parts availability and operators' maintenance schedules, the FAA has determined that the 24-month compliance time not only is necessary to ensure the safety of the fleet, but will provide a reasonable time period to accomplish the modification.",True,,MAINT;PARTS,True
98-27882,1990s,0,Request To Extend Compliance Time,24,months,40,months,24,months,DENY,0.0,"Therefore, in consideration of parts availability and operators' maintenance schedules, the FAA has determined that the 24-month compliance time not only is necessary to ensure the safety of the fleet, but will provide a reasonable time period to accomplish the modification.",True,,MAINT;PARTS,True
98-2825,1990s,0,Request To Extend Compliance Time for Modification,12,months,18,months,12,months,DENY,0.0,"The FAA has determined that the compliance time, as proposed, represents the maximum interval of time allowable for the affected airplanes to continue to operate prior to accomplishing the required modification without compromising safety.",True,,COST;HARMONIZE;MAINT;PARTS,False
98-29589,1990s,0,Request To Extend the Compliance Time,18,months,24,months,18,months,DENY,0.0,"In light of these factors, the FAA has determined that 18 months is an appropriate compliance time for the accomplishment of the required modification.",True,,MAINT;PARTS,False
98-29589,1990s,0,Request To Extend the Compliance Time,18,months,20,months,18,months,DENY,0.0,"In light of these factors, the FAA has determined that 18 months is an appropriate compliance time for the accomplishment of the required modification.",True,,MAINT;PARTS,False
98-31171,1990s,0,Request to Extend Compliance Time,5,years,6,years,5,years,DENY,0.0,the FAA has determined that further delay of this replacement is not appropriate.,True,,MAINT;PARTS,False
98-31698,1990s,0,Requests To Extend Compliance Time,,,,,12000,landings,FULL,,"The FAA considers that an extension of that grace period to 12,000 landings will provide time for operators of large fleets to access, inspect, and modify.",True,,,False
98-31698,1990s,0,Requests To Extend Compliance Time,6000,landings,12000,landings,12000,landings,FULL,1.0,"The FAA considers that an extension of that grace period to 12,000 landings will provide time for operators of large fleets to access, inspect, and modify.",True,,,False
98-31698,1990s,0,Requests To Extend Compliance Time,,,,,,,DENY,,The FAA does not consider that repetitive inspections are warranted in this case since continual access to repetitively inspect the affected longerons is difficult.,True,,,False
98-33389,1990s,0,Request To Extend Compliance Time,3000,landings,3500,landings,3500,landings,FULL,1.0,"the FAA considers that an extension of the repetitive inspection interval to 3,500 landings will not compromise safety.",True,,,False
98-3635,1990s,0,Request to Extend Compliance Time for One-Time Visual Inspection,6,months,,,6,months,DENY,,the FAA has determined that a 6-month compliance time is appropriate.,True,,PARTS,False
98-3635,1990s,0,Request to Extend Compliance Time for One-Time Visual Inspection,,,100,hours,,,PARTIAL,,the FAA finds that accomplishment of a dye penetrant inspection prior to further flight following accomplishment of the initial visual inspection is warranted.,True,,PARTS,False
98-4412,1990s,0,Request To Extend Compliance Time,12,months,18,months,12,months,DENY,0.0,"After careful review of the available data, including the comments noted above, the FAA has determined that air safety and the public interest require the adoption of the rule as proposed.",True,,HARMONIZE;MAINT,False
98-6502,1990s,0,Request To Extend Compliance Time,6,months,,,6,months,DENY,,"the FAA has determined that the compliance time, as proposed, represents an appropriate interval to complete the necessary replacement.",True,,PARTS,False
98-6949,1990s,0,Requests To Extend the Compliance Time,8,months,14,months,8,months,DENY,0.0,"The FAA has determined that the compliance time, as proposed, represents the maximum interval of time allowable for the affected airplanes to continue to operate prior to accomplishing the required modification without compromising safety.",True,,COST;HARMONIZE;MAINT;PARTS,False
98-822,1990s,0,Request to Extend the Compliance Time,2500,flight cycles,3500,flight hours,2500,flight cycles,DENY,,The FAA does not concur with the commenters' request to change the compliance time.,True,,HARMONIZE;MAINT,False
99-10181,1990s,0,Request to Extend Compliance Time,18,months,24,months,24,months,FULL,1.0,"The FAA finds that extending the compliance time for both passenger and freighter airplanes from 18 months to 24 months or 3,000 flight cycles after the effective date of this AD, whichever occurs first, will not adversely affect safety, and will allow the modification to be performed at a base during regularly scheduled maintenance.",True,,MAINT,False
99-12690,1990s,0,1. Requests To Extend the Initial Compliance Time,4,months,8,months,16,months,PARTIAL,3.0,"the compliance time of paragraphs (a)(1), (a)(2), and (a)(3) of this AD can be extended to 16 months.",True,,PARTS,False
99-12690,1990s,1,19. Request To Revise the Initial Compliance Time,4,months,120,days,16,months,DENY,,"However, the FAA has revised the initial compliance time of the final rule to 16 months for the reasons specified in Item 1.",True,,,False
99-16324,1990s,0,Request To Extend Compliance Time,5,years,6,years,5,years,DENY,0.0,No change to the final rule is necessary in this regard.,True,,,False
99-20501,1990s,0,Request for Extension of the Compliance Time,,,,,,,DENY,,The FAA does not concur with the commenter's request to extend the compliance time.,True,,PARTS,False
99-20880,1990s,0,Request To Extend Compliance Time and Add Repetitive Inspections,400,hours,500,hours,,,UNCLEAR,,The FAA agrees to revise the compliance time for accomplishment of the modification,True,,MAINT;PARTS,True
99-20880,1990s,0,Request To Extend Compliance Time and Add Repetitive Inspections,,,500,flight hours,400,hours,PARTIAL,,"The FAA finds that repetitive inspections of the aileron cable at intervals not to exceed 400 hours time-in-service until accomplishment of the modification, for a time period not to exceed 6 months after the effective date of this AD",True,,MAINT;PARTS,True
99-22397,1990s,0,Request to Revise Compliance Time,20000,flight cycles,20000,flight cycles,20000,flight cycles,FULL,,"For any vertical beam on which neither the preventative modification nor the splice repair have been accomplished, paragraph (a)(1) of this AD requires an inspection prior to the accumulation of 20,000 total flight cycles, or within 1,500 flight cycles after the effective date of this AD, whichever occurs later.",True,,,False
99-22397,1990s,0,Request to Revise Compliance Time,20000,flight cycles,20000,flight cycles,20000,flight cycles,FULL,,"For any vertical beam on which the preventative modification has not been accomplished and the splice repair has been accomplished, paragraph (a)(2) of this AD requires an inspection prior to the accumulation of 20,000 flight cycles since installation of the splice repair, or within 1,500 flight cycles after the effective date of this AD, whichever occurs later.",True,,,False
99-22397,1990s,1,Request to Extend Compliance Time for Inspections,,,"4,000",flight cycles,,,DENY,,"The FAA does not concur with the commenter's request to revise the compliance times, as described.",True,,COST;MAINT,False
99-22397,1990s,1,Request to Extend Compliance Time for Inspections,"18,500",total flight cycles,"30,000",total flight cycles,"18,500",total flight cycles,DENY,,No change was made to the final rule in this regard.,True,,COST;MAINT,False
99-2272,1990s,0,Request To Extend Compliance Time,24,month,24,month,48,months,FULL,,"The FAA concurs with this approach and has revised the final rule to extend the compliance period from 12 months to 48 months for modification of the fuel system wiring, and from 12 months to 36 months for installation of fuel vent system flame arrestors and pressure relief valves.",True,,COST;MAINT;PARTS,False
99-2272,1990s,0,Request To Extend Compliance Time,24,month,24,month,36,months,FULL,,"The FAA concurs with this approach and has revised the final rule to extend the compliance period from 12 months to 48 months for modification of the fuel system wiring, and from 12 months to 36 months for installation of fuel vent system flame arrestors and pressure relief valves.",True,,COST;MAINT;PARTS,False
99-2272,1990s,0,Request To Extend Compliance Time,36,months,36,months,48,months,FULL,,"The FAA concurs with this approach and has revised the final rule to extend the compliance period from 12 months to 48 months for modification of the fuel system wiring, and from 12 months to 36 months for installation of fuel vent system flame arrestors and pressure relief valves.",True,,COST;MAINT;PARTS,False
99-2272,1990s,0,Request To Extend Compliance Time,72,months,72,months,48,months,PARTIAL,,"The FAA concurs with this approach and has revised the final rule to extend the compliance period from 12 months to 48 months for modification of the fuel system wiring, and from 12 months to 36 months for installation of fuel vent system flame arrestors and pressure relief valves.",True,,COST;MAINT;PARTS,False
99-2272,1990s,0,Request To Extend Compliance Time,3,year,3,year,36,months,FULL,,"The FAA concurs with this approach and has revised the final rule to extend the compliance period from 12 months to 48 months for modification of the fuel system wiring, and from 12 months to 36 months for installation of fuel vent system flame arrestors and pressure relief valves.",True,,COST;MAINT;PARTS,False
99-2272,1990s,0,Request To Extend Compliance Time,72,months,72,months,48,months,PARTIAL,,"The FAA concurs with this approach and has revised the final rule to extend the compliance period from 12 months to 48 months for modification of the fuel system wiring, and from 12 months to 36 months for installation of fuel vent system flame arrestors and pressure relief valves.",True,,COST;MAINT;PARTS,False
99-23473,1990s,0,Request to Increase the Compliance Time for the Inspections,,,400,hours,400,flight hours,FULL,,"Paragraph (a) of the final rule has been changed to specify the compliance times for the initial detailed visual inspection as: ``Within 400 flight hours after the effective date of this AD,'' and the repetitive inspections [in paragraphs (a) and (b)] as: ``at an interval not to exceed 400 flight hours.''",True,,COST,False
99-23473,1990s,0,Request to Increase the Compliance Time for the Inspections,,,400,hours,400,flight hours,FULL,,"Paragraph (a) of the final rule has been changed to specify the compliance times for the initial detailed visual inspection as: ``Within 400 flight hours after the effective date of this AD,'' and the repetitive inspections [in paragraphs (a) and (b)] as: ``at an interval not to exceed 400 flight hours.''",True,,COST,False
99-24278,1990s,0,Request for Extension of Compliance Time,18,months,24,months,18,months,DENY,0.0,"In developing the proposed compliance time of 18 months, the FAA considered the safety implications, the RLD's and the manufacturer's recommendations, and the availability of required parts.",True,,COST;MAINT;PARTS,False
99-24279,1990s,0,Request for Extension of Compliance Time,18,months,30,months,18,months,DENY,0.0,"Two commenters request that additional time be provided for accomplishment of the requirements of paragraph (f) of the proposed AD, which specifies a compliance time of ``18 months after the effective date of this AD''.",True,,PARTS,False
99-24279,1990s,0,Request for Extension of Compliance Time,18,months,24,months,18,months,DENY,0.0,"Two commenters request that additional time be provided for accomplishment of the requirements of paragraph (f) of the proposed AD, which specifies a compliance time of ``18 months after the effective date of this AD''.",True,,PARTS,False
99-25021,1990s,0,Request To Extend the Compliance Time for the Modification,6,months,12,months,6,months,DENY,0.0,"Therefore, the FAA finds a 6-month compliance time for accomplishing the modification to be warranted, in that it represents an appropriate interval of time allowable for affected airplanes to continue to operate without compromising safety.",True,,COST,False
99-25596,1990s,0,Request To Extend Compliance Time,6,months,9,months,9,months,FULL,1.0,The FAA has reviewed the data presented by the manufacturer and concurs with the request.,True,,,False
99-26568,1990s,0,Request for Extension of the Compliance Time,,,18,months,18,months,FULL,,"Therefore, this AD requires the engine thrust control cable inspections to be accomplished every 18 months or 4,500 flight hours, whichever occurs first.",True,,,False
99-27272,1990s,0,Request for Extension of the Compliance Time,,,28,months,28,months,FULL,,"Based on the information provided by the commenter, the FAA now recognizes that a compliance time of 28 months would better allow operators to purchase Type I cargo pallets or make the necessary modifications to airplanes to resume use of Type II cargo pallets.",True,,,False
99-29737,1990s,0,Request to Extend Compliance Time,12,months,18,months,12,months,DENY,0.0,"The FAA has determined that a 12-month compliance period, as proposed, is warranted.",True,,MAINT;PARTS,True
99-30056,1990s,0,Requests To Extend the Compliance Time,24,months,48,months,48,months,FULL,1.0,Paragraph (a) of the final rule has been revised to reflect a compliance time of 48 months.,True,,MAINT;PARTS,False
99-30517,1990s,0,Request To Extend Compliance Time,6,months,12,months,6,months,DENY,0.0,"In light of these factors, the FAA has determined that the 6-month compliance time for inspection of fuel tank boost pumps in the center fuel tanks on Model 737 series airplanes and in the auxiliary fuel tanks on Model 737 and 727 series airplanes, as proposed, is appropriate.",True,,MAINT;PARTS,False
99-30517,1990s,1,Request To Reduce Compliance Time,6,month,3,month,6,month,DENY,-0.0,The FAA does not concur with the request for a shorter compliance time.,True,,PARTS,False
99-30517,1990s,1,Request To Reduce Compliance Time,12,month,6,month,12,month,DENY,-0.0,The FAA does not concur with the request for a shorter compliance time.,True,,PARTS,False
99-30517,1990s,2,Request To Revise Compliance Time,,,6,months,,,DENY,,No change to the final rule is necessary in this regard.,True,,MAINT;PARTS,False
99-30628,1990s,0,Request To Extend the Compliance Time in Paragraph (b),,,30,days,,,DENY,,The FAA does not concur with the commenter's request to extend the compliance time in paragraph (b) of the proposed AD to 30 days.,True,,COST;PARTS,False
99-30629,1990s,0,Request To Extend the Compliance Time,2,years,4,years,2,years,DENY,0.0,"the FAA has determined that 2 years represents an appropriate interval of time allowable wherein the modifications can be accomplished during scheduled maintenance intervals for the majority of affected operators, and an acceptable level of safety can be maintained.",True,,MAINT;PARTS,False
99-31470,1990s,0,Request To Extend Compliance Time for Initial Inspection,300,flight hours,3750,flight cycles,,,UNCLEAR,,"Accordingly, paragraph (b) of the AD has been revised [and a new paragraph (c) has been added] to extend the compliance time for the initial inspection.",True,,COST;HARMONIZE,False
99-31470,1990s,1,Request To Revise Replacement Compliance Time,,,,,300,flight hours,DENY,,"within 300 flight hours or 6 months after the effective date of this AD, whichever occurs first.",True,,,False
99-31471,1990s,0,Request To Extend Compliance Time for Re-identification,,,2250,flight hours,2250,landings,PARTIAL,,"The FAA has revised paragraph (a)(1) of this AD to allow re-identification of the engine mounts within 2,250 landings following accomplishment of the inspection specified in paragraph (a) of this AD, or at the next engine removal, whichever occurs first.",True,,HARMONIZE,False
99-3189,1990s,0,Request To Extend Compliance Time,12,months,,,12,months,DENY,,The FAA has considered the severity of the unsafe condition (fire in the passenger compartment resulting from failure of the fluorescent light ballast of the cabin sidewall) and has determined that 12 months after the effective date of this AD represents an appropriate compliance time to ensure the safety of the transport airplane fleet.,True,,PARTS,False
99-5990,1990s,0,Request To Extend Compliance Time for Initial Inspections,18,months,24,months,24,months,FULL,1.0,"In light of these findings, the FAA finds that extending the compliance time by 6 (for Model DC-10 series airplanes) and 9 (for Model MD-11 series airplanes) additional months will not adversely affect safety. Therefore, the FAA has revised paragraphs (a) and (b) of the final rule to specify a compliance time of 24 months.",True,,COST;PARTS,False
99-5990,1990s,0,Request To Extend Compliance Time for Initial Inspections,15,months,24,months,24,months,FULL,1.0,"In light of these findings, the FAA finds that extending the compliance time by 6 (for Model DC-10 series airplanes) and 9 (for Model MD-11 series airplanes) additional months will not adversely affect safety. Therefore, the FAA has revised paragraphs (a) and (b) of the final rule to specify a compliance time of 24 months.",True,,COST;PARTS,False
99-5990,1990s,1,Request To Extend Compliance Time for Certain Airplanes,,,48,months,48,months,FULL,,"Therefore, the FAA has added paragraphs (c), (d), and (e) to this final rule to allow operators that accomplished certain paragraphs of those AD's to accomplish the required one-time visual inspection within 48 months.",True,,PARTS,False
99-6714,1990s,0,Requests To Extend Compliance Time,180,days,18,months,12,months,PARTIAL,0.5,"The FAA finds that extending the compliance time from 180 days after the effective date of this AD to 12 months after the effective date of this AD will not adversely affect safety and will allow the modifications to be performed, in the majority of cases, during a regularly scheduled maintenance visit.",True,,COST;MAINT,False
99-6714,1990s,0,Requests To Extend Compliance Time,180,days,18,months,12,months,DENY,0.5,"However, as stated previously, the compliance time for the actions required by this final rule has been extended to 12 months after the effective date of this AD to allow for accomplishment of the required actions during regularly scheduled maintenance visits.",True,,COST;MAINT,False
99-811,1990s,0,Request To Extend Compliance Time,24,months,,,26,months,DENY,,"The FAA notes that the compliance time of both modifications is 26 months after the effective date of this AD, rather than 24 months as suggested by the commenter.",True,,MAINT,False
99-8134,1990s,0,20. Request To Reduce Compliance Time,,,,,,,DENY,,"As previously stated, the final rule has been revised to remove the requirements to replace all center tank FQIS components with new FQIS components, and to replace silver-plated copper FQIS wiring with nickel-plated copper wiring.",True,,,False
99-8134,1990s,1,24. Request To Extend Compliance Time,24,months,36,months,24,months,DENY,0.0,No change to the compliance times in the final rule is necessary.,True,,COST;PARTS,False
99-8134,1990s,1,24. Request To Extend Compliance Time,24,months,36,months,24,months,DENY,0.0,No change to the compliance times in the final rule is necessary.,True,,COST;PARTS,False
99-8134,1990s,1,24. Request To Extend Compliance Time,24,months,,,24,months,DENY,,No change to the compliance times in the final rule is necessary.,True,,COST;PARTS,False
99-8134,1990s,1,24. Request To Extend Compliance Time,24,months,,,24,months,DENY,,No change to the compliance times in the final rule is necessary.,True,,COST;PARTS,False
99-8134,1990s,1,24. Request To Extend Compliance Time,24,months,,,24,months,DENY,,No change to the compliance times in the final rule is necessary.,True,,COST;PARTS,False
99-8134,1990s,1,24. Request To Extend Compliance Time,24,months,25,years,24,months,DENY,0.0,No change to the compliance times in the final rule is necessary.,True,,COST;PARTS,False
99-8329,1990s,0,Request To Extend Compliance Time,3000,landings,3500,landings,3000,landings,DENY,0.0,The FAA does not concur with the commenter's request.,True,,MAINT,False
99-8329,1990s,0,Request To Extend Compliance Time,19000,landings,,,19000,landings,DENY,,"Therefore, no change to the final rule is necessary in this regard.",True,,MAINT,False
99-8689,1990s,0,Request To Extend Compliance Time,7,months,13,months,10,months,PARTIAL,0.5,Paragraph (a) of the final rule has been revised to reflect a compliance time of 10 months.,True,,MAINT,False
99-9251,1990s,0,Comment Issue No. 4: Extend the Compliance Time,90,calendar day,6,calendar month,6,calendar months,FULL,,The FAA has determined that extending to 6 calendar months will not adversely affect aviation safety.,True,,MAINT,False
E6-13829,2000s,0,Request To Extend Compliance Time,5000,flight hours,,,6300,flight hours,PARTIAL,,"We have instead revised paragraph (f) of this final rule to require an initial compliance time of 6,300 flight hours or 36 months, whichever occurs first, with a repetitive interval of 6,300 flight hours.",True,,MAINT,False
E6-14289,2000s,0,Request To Extend Compliance Time,60,month,10,year,60,month,DENY,0.0,we have determined that a 60-month compliance time represents an appropriate interval of time for affected airplanes to continue to operate without compromising safety.,False,,,False
E6-17420,2000s,0,Requests To Change Compliance Time,3,years,42,months,36,months,DENY,-0.09090909090909091,The 36-month compliance time required by this AD will ensure an acceptable level of safety and allow the modifications to be done during scheduled maintenance intervals for most affected operators.,True,,MAINT;PARTS,False
E6-17662,2000s,0,Request To Extend Compliance Time Based on Parts Availability,,,,,,,DENY,,We have not changed the final rule in this regard.,True,,PARTS,True
E6-17662,2000s,1,Request To Extend Compliance Time To Match Heavy Maintenance Schedule,56,months,72,months,56,months,DENY,0.0,We have not changed the final rule in this regard.,True,,MAINT,False
E6-17662,2000s,2,Request To Reduce Compliance Time,50,percent,50,percent,,,DENY,,We have not changed the final rule in this regard.,True,,PARTS,False
E7-1081,2000s,0,Request To Extend Compliance Time,,,30,months,24,months,DENY,,we have determined that a compliance time of 24 months will ensure an acceptable level of safety,True,,MAINT;PARTS,False
E7-1081,2000s,1,Request To Revise Compliance Time to Flight Cycles,24,months,6000,flight cycles,24,months,DENY,,The compliance time of 24 months was selected to allow replacement of the gimbal plates during a routine maintenance visit.,True,,,False
E7-1396,2000s,0,Request To Extend Compliance Time Threshold,,,,,,,DENY,,We do not agree.,True,,MAINT,False
E7-15410,2000s,0,Request To Extend Compliance Time,60,months,72,months,60,months,DENY,0.0,We do not agree with the commenter's request to extend the compliance time.,True,,,False
E7-16106,2000s,0,Request To Reduce Compliance Time and Add Terminating Action,,,18,months,,,DENY,,We have not changed this AD in this regard.,True,,MAINT;PARTS,False
E7-16106,2000s,1,Request To Extend Compliance Time,72,months,74,months,72,months,DENY,0.0,we have determined that the compliance time proposed in the NPRM is appropriate.,True,,COST;MAINT,False
E7-16106,2000s,1,Request To Extend Compliance Time,24000,flight hours,30000,flight hours,24000,flight hours,DENY,0.0,we have determined that the compliance time proposed in the NPRM is appropriate.,True,,COST;MAINT,False
E7-18459,2000s,0,Request To Extend the Compliance Time,2,years,5,years,2,years,DENY,0.0,We have not changed the AD regarding this issue.,True,,PARTS,True
E7-22854,2000s,0,Request To Extend the Compliance Time of Freeplay Measurements,12,months,18,months,14,months,PARTIAL,0.3333333333333333,We have revised paragraph (g)(1) to allow a compliance time of 14 months after the effective date of the AD.,True,,COST;MAINT;PARTS,False
E7-3661,2000s,0,Requests To Extend Compliance Time,9,months,12,months,9,months,DENY,0.0,"We disagree, because in developing an appropriate compliance time for this action, we considered the urgency associated with the subject unsafe condition, the availability of required parts, and the practical aspect of accomplishing the required installation within a period of time that corresponds to the normal scheduled maintenance for most affected operators.",True,,COST;HARMONIZE;MAINT;PARTS,False
E7-3661,2000s,0,Requests To Extend Compliance Time,9,months,6,months,9,months,DENY,-0.0,"We disagree, because in developing an appropriate compliance time for this action, we considered the urgency associated with the subject unsafe condition, the availability of required parts, and the practical aspect of accomplishing the required installation within a period of time that corresponds to the normal scheduled maintenance for most affected operators.",True,,COST;HARMONIZE;MAINT;PARTS,False
E7-3661,2000s,1,Request To Reduce Compliance Time,,,,,9,months,DENY,,the FAA's and TCCA's harmonized position is that the stated compliance time of 9 months strikes the correct balance of risk mitigation.,True,,HARMONIZE;MAINT;PARTS,False
E7-899,2000s,0,Request To Extend Compliance Time,5000,flight hours,6600,flight hours,6600,flight hours,FULL,1.0,"Therefore, we have revised paragraph (f) of this AD to specify a compliance time of 6,600 flight hours.",True,,MAINT,False
E7-9399,2000s,0,Request To Extend Compliance Time for Task 28-18-00-03-1,34000,total flight hours,40000,total flight hours,40000,total flight hours,FULL,,"Therefore, we have revised paragraph (g)(1) of this AD to specify an initial compliance time of prior to the accumulation of 40,000 total flight hours.",True,,HARMONIZE,False
E7-9399,2000s,1,Request To Extend Compliance Time for Incorporating Section 1,6,months,6,months,3,months,DENY,,We accept the EASA's position that 3 months is an appropriate amount of time to update maintenance procedures.,True,,HARMONIZE,False
E7-9399,2000s,1,Request To Extend Compliance Time for Incorporating Section 1,,,,,,,DENY,,We disagree with revising this AD to refer to specific revision levels for the referenced maintenance documents.,True,,HARMONIZE,False
E8-10975,2000s,0,Request To Extend the Compliance Time for Certain Actions,,,60,months,60,months,FULL,,"We have added a new paragraph (h)(2) specifying that the FSLs in paragraphs 2.B.(1)(e), 2.B.(1)(f), and 2.B.(1)(g) must be done within 60 months after the effective date of this AD.",True,,COST;MAINT,False
E8-10975,2000s,1,Request To Extend the Compliance Time of Paragraph (g),1,year,1,year,,,DENY,,We disagree with extending the compliance time for paragraph (g) of this AD.,True,,COST,False
E8-11359,2000s,0,Request To Extend Compliance Times,,,36,months,,,DENY,,We do not agree with the request to extend certain compliance times.,True,,COST;MAINT,False
E8-12413,2000s,0,Request To Extend Compliance Time: Lack of Notification,,,,,,,DENY,,We have not changed the final rule regarding this issue.,True,,COST,False
E8-12413,2000s,1,Request To Extend Compliance Time: Lack of Manufacturer Support,,,,,,,DENY,,We disagree with the request to extend the compliance time for the reasons explained in our response to the previous comment.,True,,,False
E8-14188,2000s,0,Request To Extend the Compliance Time,24,months,60,months,24,months,DENY,0.0,"We have determined that a 24-month compliance time is the longest acceptable compliance time for ensuring that an acceptable level of safety is maintained, even with the mitigating action mentioned by Boeing.",True,,COST;MAINT;PARTS,False
E8-14471,2000s,0,Requests To Extend Compliance Times,,,9000,flight cycles,,,DENY,,We do not agree to extend the compliance times.,True,,MAINT;PARTS,False
E8-14471,2000s,0,Requests To Extend Compliance Times,,,,,,,DENY,,We do not agree to extend the compliance times.,True,,MAINT;PARTS,False
E8-14471,2000s,0,Requests To Extend Compliance Times,6000,flight cycles,9000,flight cycles,,,DENY,,We do not agree to extend the compliance times.,True,,MAINT;PARTS,False
E8-14472,2000s,0,Request To Extend Compliance Time,24,months,48,months,24,months,DENY,0.0,"The 24-month compliance period is considered appropriate in light of the characteristics of crack growth, the probability of crack initiation, and the ability of operators to integrate the required actions into established maintenance practices.",True,,COST;MAINT;PARTS,False
E8-19143,2000s,0,Request To Extend Compliance Time,8,months,,,10,months,FULL,,We have revised the compliance time for installing the software specified in paragraph (f)(2) of this AD to ``within 10 months after the effective date of the AD.'',True,,COST,False
E8-19721,2000s,0,Requests To Extend Compliance Time,,,3000,flight hours,3000,flight hours,FULL,,"We have determined that a compliance time of within 3,000 flight hours or 27 months after the effective date of the AD, whichever occurs later, is appropriate and will ensure an acceptable level of safety.",True,,MAINT,False
E8-19721,2000s,0,Requests To Extend Compliance Time,,,27,months,3000,flight hours,DENY,,"We have determined that a compliance time of within 3,000 flight hours or 27 months after the effective date of the AD, whichever occurs later, is appropriate and will ensure an acceptable level of safety.",True,,MAINT,False
E8-20364,2000s,0,Request To Extend Compliance Time,60,months,72,months,60,months,DENY,0.0,We do not agree with Lufthansa's request to extend the compliance time.,True,,,False
E8-23573,2000s,0,Request To Extend Compliance Time,60,month,72,month,60,month,DENY,0.0,We have not changed the AD in this regard.,True,,COST;PARTS,True
E8-25686,2000s,0,Request To Extend Compliance Time,18,months,30,months,18,months,DENY,0.0,We have not changed the AD in this regard.,True,,MAINT;PARTS,False
E8-25686,2000s,0,Request To Extend Compliance Time,24,months,30,months,24,months,DENY,0.0,We have not changed the AD in this regard.,True,,MAINT;PARTS,False
E8-26480,2000s,0,Request to Revise Compliance Time for Paragraph (h),,,,,,,FULL,,We agree with the request and the commenters' rationale.,True,,,False
E8-27168,2000s,0,Request To Extend Compliance Time,60,months,72,months,60,months,DENY,0.0,We do not agree with the request to extend the compliance time.,True,,COST;MAINT,False
E8-27527,2000s,0,Request To Extend Compliance Time,72,months,72,months,60,months,DENY,,we have determined that a 60-month compliance time is appropriate.,True,,COST;MAINT;PARTS,False
E8-3462,2000s,0,Request to Extend the Compliance Time,2200,flight hours,4000,flight hours,2200,flight hours,DENY,0.0,We did not change the AD.,True,,,False
E8-4488,2000s,0,Request To Extend Compliance Time for the Modification,,,24,months,17,months,DENY,,"In light of these items, we have determined that a 17-month compliance time is appropriate.",True,,COST;MAINT;PARTS,False
E8-4671,2000s,0,Request To Extend Compliance Time for the Modification,,,24,months,17,months,DENY,,"In light of these items, we have determined that a 17-month compliance time is appropriate.",True,,MAINT;PARTS,False
E8-5375,2000s,0,Request To Extend Compliance Times,18,months,36,months,18,months,DENY,0.0,We have not changed the AD in this regard.,True,,COST;PARTS,False
E8-5375,2000s,0,Request To Extend Compliance Times,36,months,48,months,36,months,DENY,0.0,We have not changed the AD in this regard.,True,,COST;PARTS,False
E8-7561,2000s,0,Request To Extend Compliance Time,36,months,48,months,36,months,DENY,0.0,We do not agree with the requests to revise the compliance time from 36 to 48 months.,True,,MAINT;PARTS,False
E8-7662,2000s,0,Request To Extend Compliance Time,6000,flight hours,24,months,6000,flight hours,DENY,,We have made no change to the AD in this regard.,True,,MAINT,False
E8-9316,2000s,0,Request To Extend Compliance Time of Reporting Requirement,5,days,30,days,5,days,DENY,0.0,"we have determined that a 5-day compliance time for reporting discrepant inspection findings will enable the manufacturer to obtain better insight into the nature, cause, and extent of the cracking, and eventually to develop a final action to address the unsafe condition.",True,,,False
E9-13305,2000s,0,Request To Extend the Compliance Time,60,months,72,months,60,months,DENY,0.0,we have determined that a 60-month compliance time will ensure an acceptable level of safety.,True,,COST;MAINT;PARTS,False
E9-24391,2000s,0,Extend the Compliance Time to Next C-Check,500,flight cycles,,,500,flight cycles,DENY,,The compliance time of 500 flight cycles is based on component life calculations.,True,,MAINT,False
E9-28171,2000s,0,Request To Extend Compliance Time,,,,,,,DENY,,We do not agree to extend the compliance time.,True,,MAINT;PARTS,True
E9-3277,2000s,0,Request To Extend Compliance Time,90,days,180,days,3,month,DENY,0.0,We have determined that the 3-month compliance time specified in this AD is adequate to address the unsafe condition in a timely manner.,True,,,False
E9-6221,2000s,0,Request To Shorten Compliance Time and Restrict Dispatch Conditions,12,months,3,months,12,months,DENY,-0.0,"We have considered the risks (probability of dual engine shutdown due to a common cause and total loss of electrical power, including the emergency battery power) and have determined that a 12-month compliance time is appropriate.",True,,,False
E9-6221,2000s,0,Request To Shorten Compliance Time and Restrict Dispatch Conditions,,,,,,,DENY,,No change to the AD was made in this regard.,True,,,False
E9-6222,2000s,0,Request To Shorten Compliance Time and Restrict Dispatch Conditions,12,months,3,months,12,months,DENY,-0.0,"We have considered the risks (probability of dual engine shutdown due to a common cause and total loss of electrical power, including the emergency battery power) and have determined that a 12-month compliance time is appropriate.",True,,COST,False
E9-6222,2000s,0,Request To Shorten Compliance Time and Restrict Dispatch Conditions,,,,,,,DENY,,No change to the AD was made in this regard.,True,,COST,False
R1-2025-04334,2020s,0,Request To Revise Initial Compliance Time,5500,flight cycles,5400,flight cycles,5500,flight cycles,DENY,-0.0,The FAA does not agree to change this compliance time.,True,,HARMONIZE;PARTS,False
